project_name,project_url,num_commits,project_age_days,project_created_at,num_contributors,num_pull,num_issues,num_stargazers,num_watchers,num_forks,num_subscribers,Aggregate-Score,Binary-Artifacts,Branch-Protection,CI-Tests,CII-Best-Practices,Code-Review,Contributors,Dangerous-Workflow,Dependency-Update-Tool,Fuzzing,License,Maintained,Packaging,Pinned-Dependencies,SAST,Security-Policy,Signed-Releases,Token-Permissions,Vulnerabilities,num_bug_high,num_bug_medium,num_bug_low,num_bug_blocker,num_vulnerabilities_high,num_vulnerabilities_medium,num_vulnerabilities_low,num_vulnerabilities_blocker,num_code_smell_high,num_code_smell_medium,num_code_smell_low,num_code_smell_blocker
abersheeran/rpc.py,https://github.com/abersheeran/rpc.py,132,1571,2020-07-11,3,11,21,192,192,12,8,3.6,10,0,0,0,0,10,10,10,0,10,0,-1,0,0,0,-1,0,5,0,9,0,0,0,0,0,0,100,50,69,0
abetlen/llama-cpp-python,https://github.com/abetlen/llama-cpp-python,1922,586,2023-03-23,156,471,1590,8014,8014,951,73,5.1,10,0,10,0,1,10,10,10,0,10,10,10,0,0,0,0,0,10,2,4,2,1,0,0,0,0,187,205,315,10
adamghill/django-unicorn,https://github.com/adamghill/django-unicorn,1032,1571,2020-07-11,31,293,576,2372,2372,119,25,2.6,10,0,5,0,0,10,10,0,0,10,0,-1,0,0,0,-1,0,0,0,1,1,0,0,0,0,0,89,57,56,0
adaptivescale/lxdui,https://github.com/adaptivescale/lxdui,842,2601,2017-09-15,26,286,386,725,725,155,37,3.4,10,0,0,0,7,10,-1,10,0,10,0,-1,0,0,0,-1,-1,0,0,0,0,0,0,0,0,0,3,4,1,0
admesh/admesh,https://github.com/admesh/admesh,128,4027,2013-10-20,20,31,64,214,214,76,28,3.8,10,6,0,0,4,10,10,0,0,10,0,-1,0,0,0,0,0,10,0,0,0,0,0,0,0,0,2,1,5,0
agprojects/python-cjson,https://github.com/agprojects/python-cjson,84,3221,2016-01-04,3,4,11,44,44,28,9,2.9,10,0,-1,0,0,10,-1,0,0,9,0,-1,-1,0,0,-1,-1,10,1,4,1,0,0,0,0,0,60,68,47,9
agronholm/cbor2,https://github.com/agronholm/cbor2,454,3065,2016-06-08,28,141,247,222,222,58,11,4.9,10,0,10,0,2,10,10,0,10,10,5,10,0,1,0,-1,0,10,0,11,3,12,1,0,0,2,1002,378,447,5
aimhubio/aim,https://github.com/aimhubio/aim,2213,1978,2019-05-31,76,2189,3214,5196,5196,319,46,5.1,10,6,1,0,7,10,10,10,0,10,9,-1,0,0,0,-1,0,0,0,8,2,1,0,0,0,0,32,75,72,0
ajenti/ajenti,https://github.com/ajenti/ajenti,1308,5354,2010-03-03,23,295,1480,7546,7546,843,260,5.2,10,3,8,0,1,10,10,10,0,10,9,-1,0,9,0,-1,0,3,1,1,0,0,0,0,0,0,43,70,24,0
allegro/bigflow,https://github.com/allegro/bigflow,988,1923,2019-07-25,22,295,381,116,116,23,10,4.5,10,8,3,0,7,10,10,10,0,9,0,-1,0,0,0,-1,0,0,0,4,0,0,0,0,0,0,19,11,8,0
anibali/pywebp,https://github.com/anibali/pywebp,114,2700,2017-06-08,4,24,66,73,73,24,6,3.0,10,0,6,0,1,3,10,10,0,10,0,-1,0,0,0,0,0,0,1,15,0,1,0,0,0,0,129,55,86,0
anorov/cloudflare-scrape,https://github.com/anorov/cloudflare-scrape,156,4261,2013-02-28,19,63,460,3382,3382,459,129,1.6,10,0,0,0,2,0,-1,0,0,10,0,-1,-1,0,0,-1,-1,0,0,0,0,0,0,0,0,0,1,1,4,0
ansible/galaxy-importer,https://github.com/ansible/galaxy-importer,309,1960,2019-06-18,26,303,303,26,26,46,11,6.2,10,8,10,0,10,10,10,0,0,10,10,10,0,4,0,-1,0,10,8,60,10,11,14,0,0,4,1946,1447,2215,78
anthraxx/diffoscope,https://github.com/anthraxx/diffoscope,1250,3263,2015-11-23,25,1,1,74,74,4,3,1.9,0,0,-1,0,0,10,-1,0,0,10,0,-1,-1,0,0,-1,-1,10,3,296,0,0,0,0,0,0,837,71483,47154,4516
antonkueltz/fastecdsa,https://github.com/antonkueltz/fastecdsa,332,3141,2016-03-24,14,25,94,268,268,78,12,2.6,10,0,0,0,1,0,-1,0,0,10,0,-1,-1,0,0,-1,-1,10,5,13,8,2,13,0,0,0,628,684,4157,28
anymail/django-anymail,https://github.com/anymail/django-anymail,910,3156,2016-03-10,60,153,380,1695,1695,130,22,4.7,10,3,10,0,0,10,10,0,0,10,10,-1,1,8,0,0,0,10,5,2,0,0,0,0,0,0,40,30,39,0
apple/ccs-pykerberos,https://github.com/apple/ccs-pykerberos,174,3009,2016-08-04,8,23,98,117,117,65,17,2.7,10,0,0,0,0,10,-1,0,0,10,0,-1,0,0,0,-1,-1,10,0,0,2,1,2,0,0,0,69,30,67,0
arachnys/cabot,https://github.com/arachnys/cabot,735,3949,2014-01-06,51,270,718,5596,5596,592,149,2.1,10,0,0,2,4,10,-1,0,0,10,0,-1,0,0,0,-1,-1,0,0,0,0,0,0,0,0,0,4,9,5,0
archesproject/arches,https://github.com/archesproject/arches,27019,3214,2016-01-11,59,5974,11515,215,215,144,38,5.5,10,5,10,0,10,10,10,10,0,10,10,-1,0,0,0,-1,0,0,0,0,0,0,0,0,0,0,1,7,6,0
aresch/rencode,https://github.com/aresch/rencode,84,3658,2014-10-24,5,11,30,29,29,7,5,2.9,10,0,0,0,2,6,-1,0,0,10,0,-1,-1,0,0,-1,-1,10,0,0,0,0,3,0,0,1,13,12,1,0
arjunsharda/passeo,https://github.com/arjunsharda/passeo,121,726,2022-11-03,1,7,11,2,2,0,1,4.6,10,6,0,0,0,10,10,0,0,10,0,-1,1,0,0,-1,10,10,0,0,0,0,0,0,0,0,0,0,0,0
arrayfire/arrayfire-rust,https://github.com/arrayfire/arrayfire-rust,467,3452,2015-05-18,32,141,329,814,814,57,21,4.2,10,8,0,0,4,10,10,0,0,10,0,-1,0,0,0,-1,0,10,0,0,0,0,0,0,0,1,23,22,15,0
aubio/aubio,https://github.com/aubio/aubio,4161,5443,2009-12-04,18,66,411,3304,3304,379,84,3.6,10,6,-1,0,0,10,-1,0,0,10,0,-1,-1,0,0,-1,-1,10,2,132,1,18,5,0,0,2,475,2384,1839,17
backblaze/b2-sdk-python,https://github.com/backblaze/b2-sdk-python,3452,2101,2019-01-28,83,384,516,181,181,61,29,5.1,10,0,8,0,2,10,10,10,0,9,10,10,0,0,0,0,0,10,5,28,2,2,0,0,0,0,93,76,103,2
backblaze/b2_command_line_tool,https://github.com/backblaze/b2_command_line_tool,2838,3270,2015-11-16,71,598,1052,543,543,124,41,4.9,10,0,8,0,0,10,10,10,0,9,10,10,0,0,0,0,0,9,0,1,2,0,0,0,0,0,71,86,113,1
bandoche/pypinksign,https://github.com/bandoche/pypinksign,157,3445,2015-05-25,5,11,30,99,99,29,12,3.7,10,3,0,0,0,6,-1,10,0,10,0,-1,-1,0,0,0,-1,10,20,29,14,5,119,0,0,0,535,759,2521,8
bbangert/beaker,https://github.com/bbangert/beaker,825,4762,2011-10-16,69,111,245,524,524,143,24,3.5,10,0,0,0,4,10,10,0,0,9,0,-1,0,0,0,-1,0,10,0,0,2,0,0,0,0,0,62,46,25,0
bbengfort/confire,https://github.com/bbengfort/confire,65,3754,2014-07-20,6,6,25,36,36,10,6,2.3,10,0,0,0,0,10,-1,0,0,10,0,-1,-1,0,0,-1,-1,5,0,0,0,1,0,0,0,0,1,4,4,0
beancount/fava,https://github.com/beancount/fava,3159,3252,2015-12-04,97,934,1885,1961,1961,286,30,5.3,9,3,10,0,0,10,10,10,0,10,10,-1,0,0,0,-1,0,10,2,58,19,8,0,0,0,0,399,1624,999,1
belangeo/pyo,https://github.com/belangeo/pyo,2323,3353,2015-08-25,17,43,284,1320,1320,132,67,3.1,10,0,0,0,0,6,10,0,0,10,0,-1,0,0,0,-1,0,10,0,1,1,0,0,0,0,0,24,16,34,0
benbusby/whoogle-search,https://github.com/benbusby/whoogle-search,823,1743,2020-01-21,124,356,1074,9531,9531,938,97,5.5,10,0,10,0,5,6,10,10,0,10,10,10,0,0,0,-1,0,8,2,346,13,0,0,0,0,1,96,98,60,49
benoitc/restkit,https://github.com/benoitc/restkit,931,5381,2010-02-04,19,31,148,405,405,72,15,3.0,10,0,0,0,2,10,-1,0,0,9,0,-1,-1,0,0,-1,-1,10,0,0,0,0,8,0,0,0,31,17,42,0
bhch/django-jsonform,https://github.com/bhch/django-jsonform,307,1158,2021-08-28,15,19,161,351,351,34,5,3.9,10,0,8,0,2,0,10,0,0,10,10,-1,0,0,0,0,0,10,36,130,5,11,4,0,0,0,5211,2885,1532,27
blackducksoftware/hub-rest-api-python,https://github.com/blackducksoftware/hub-rest-api-python,870,2304,2018-07-09,39,196,278,89,89,106,24,6.6,10,6,10,0,2,10,10,10,0,10,6,-1,0,10,0,-1,9,9,0,0,0,0,0,0,0,0,5,6,1,0
blakeblackshear/frigate,https://github.com/blakeblackshear/frigate,3455,2103,2019-01-26,244,3895,9142,18918,18918,1721,188,6.3,10,6,10,0,10,10,10,10,0,10,10,10,1,8,0,-1,0,0,0,10,2,0,0,0,0,0,48,75,61,0
blue-yonder/postgraas_server,https://github.com/blue-yonder/postgraas_server,163,3039,2016-07-04,5,22,37,29,29,8,20,3.4,10,3,0,0,3,6,-1,0,0,10,0,-1,-1,0,0,-1,-1,10,0,0,0,0,0,0,0,0,8,6,1,0
bndr/pipreqs,https://github.com/bndr/pipreqs,363,3478,2015-04-22,56,184,464,6603,6603,394,57,4.2,10,0,8,0,7,10,10,10,0,10,0,-1,0,0,0,-1,0,2,0,0,0,0,0,0,0,0,0,0,0,0
bottlepy/bottle,https://github.com/bottlepy/bottle,1951,5600,2009-06-30,182,607,1448,8437,8437,1467,309,4.0,10,0,2,0,2,10,10,0,0,10,10,-1,0,0,0,0,0,10,0,2,0,2,0,0,0,0,7,2,0,0
bram85/topydo,https://github.com/bram85/topydo,1446,3663,2014-10-19,11,142,326,784,784,92,28,3.0,10,0,0,0,1,6,10,0,0,10,0,-1,0,0,0,0,0,10,0,1,0,0,0,0,0,0,1,0,2,0
buildbot/buildbot,https://github.com/buildbot/buildbot,26401,5229,2010-07-06,326,6376,8067,5252,5252,1625,200,6.3,10,3,10,0,10,10,10,10,0,10,10,-1,0,0,0,8,10,0,0,6,0,1,0,0,0,0,189,148,368,1
byvoid/opencc,https://github.com/byvoid/opencc,1410,5220,2010-07-15,93,371,912,8461,8461,982,208,3.6,10,0,8,0,1,10,10,0,0,10,8,-1,0,1,0,0,0,6,0,0,0,0,0,0,0,0,0,0,0,0
carglglz/upydev,https://github.com/carglglz/upydev,581,1920,2019-07-28,3,16,37,57,57,9,9,2.7,10,0,0,0,5,0,-1,0,0,10,0,-1,-1,0,0,0,-1,10,20,29,14,5,119,0,0,0,535,759,2521,8
carltongibson/django-filter,https://github.com/carltongibson/django-filter,1330,5752,2009-01-30,195,759,1588,4451,4451,769,68,5.6,10,0,9,0,6,10,10,10,0,9,10,-1,0,0,0,-1,0,10,2,7,2,0,0,0,0,0,97,37,71,12
ccrisan/motioneye,https://github.com/ccrisan/motioneye,2036,3348,2015-08-30,130,472,3058,3966,3966,650,173,5.8,10,6,10,0,8,10,0,10,0,10,5,10,0,0,0,-1,10,10,0,0,0,0,1,0,0,0,16,36,7,3
cdent/paste,https://github.com/cdent/paste,1805,2198,2018-10-23,46,70,101,59,59,47,3,3.5,10,0,8,0,4,10,10,0,0,9,0,-1,0,0,0,0,0,10,0,2,0,0,0,0,0,0,24,3,4,0
celery/django-celery-results,https://github.com/celery/django-celery-results,316,3008,2016-08-05,65,217,441,691,691,204,24,5.0,10,3,7,0,6,10,10,0,0,9,6,-1,0,7,0,-1,0,10,0,1,0,0,0,0,0,0,39,16,37,3
ceph/ceph-deploy,https://github.com/ceph/ceph-deploy,2129,4430,2012-09-12,66,517,517,427,427,306,143,3.4,10,1,0,0,6,10,-1,0,0,10,0,-1,0,0,0,-1,-1,10,0,0,0,0,0,0,0,0,0,0,0,0
cgohlke/imagecodecs,https://github.com/cgohlke/imagecodecs,2148,1711,2020-02-22,1,23,117,119,119,23,4,3.4,10,0,-1,0,0,3,-1,0,0,10,10,-1,-1,0,0,0,-1,10,0,0,0,0,0,0,0,0,4,1,1,4
chainer/chainerrl-visualizer,https://github.com/chainer/chainerrl-visualizer,408,2147,2018-12-13,6,37,42,53,53,13,15,2.2,10,0,0,0,4,10,-1,0,0,10,0,-1,-1,0,0,-1,-1,0,16,149,3,7,3,0,0,2,5861,1806,20110,132
cheetahtemplate/cheetah,https://github.com/cheetahtemplate/cheetah,1907,5659,2009-05-02,9,12,12,142,142,43,11,2.4,8,0,0,0,1,0,-1,0,0,9,0,-1,-1,0,0,-1,-1,10,0,0,0,0,0,0,0,0,0,4,4,0
clinical-genomics/cg,https://github.com/clinical-genomics/cg,5679,2808,2017-02-20,47,2749,3862,8,8,2,10,6.5,10,8,10,0,5,10,10,10,0,0,10,10,0,10,0,-1,0,8,0,0,0,0,0,0,0,1,3,3,10,0
clusterlabs/crmsh,https://github.com/clusterlabs/crmsh,5354,3877,2014-03-19,52,1332,1598,131,131,94,30,5.5,10,6,5,0,10,10,10,0,0,10,10,-1,0,0,0,-1,0,10,4,0,0,0,3,0,0,0,8,13,5,1
cmusatyalab/opendiamond,https://github.com/cmusatyalab/opendiamond,2219,4561,2012-05-04,13,19,53,19,19,9,5,2.7,10,0,0,0,0,10,-1,0,0,10,0,-1,0,0,0,-1,-1,10,1,0,0,0,0,0,0,0,1,0,0,0
coala/git-url-parse,https://github.com/coala/git-url-parse,62,2769,2017-03-31,6,28,49,29,29,16,3,2.7,10,0,0,0,1,3,-1,0,0,10,0,-1,-1,0,0,-1,-1,10,0,82,0,0,0,0,0,0,49,82,49,0
cocagne/pysrp,https://github.com/cocagne/pysrp,119,4246,2013-03-15,16,33,59,115,115,42,9,4.2,10,0,0,0,6,3,-1,0,0,10,9,-1,-1,0,0,-1,-1,10,0,1,0,0,0,0,0,0,15,29,10,1
coderedcorp/coderedcms,https://github.com/coderedcorp/coderedcms,373,2284,2018-07-29,29,322,653,691,691,133,31,3.1,10,0,8,0,2,3,-1,0,0,9,0,-1,-1,0,0,-1,-1,10,2,2,1,1,1,0,0,1,271,204,247,245
coleifer/sqlite-web,https://github.com/coleifer/sqlite-web,170,3643,2014-11-08,8,30,166,3391,3391,335,77,2.8,10,0,0,0,1,0,-1,0,0,10,4,-1,0,0,0,-1,-1,10,0,0,0,0,0,0,0,0,0,0,0,0
collective/collective.contact.widget,https://github.com/collective/collective.contact.widget,182,4282,2013-02-07,12,14,16,1,1,4,113,2.5,10,0,0,0,0,10,-1,0,0,0,0,-1,-1,0,0,-1,-1,10,0,0,0,1,0,0,0,0,5,0,7,0
collective/collective.dms.basecontent,https://github.com/collective/collective.dms.basecontent,304,4282,2013-02-07,8,4,4,0,0,1,116,2.3,10,0,0,0,0,10,-1,0,0,0,0,-1,-1,0,0,-1,-1,8,0,0,0,0,0,0,0,0,9,15,32,0
collective/collective.task,https://github.com/collective/collective.task,415,4242,2013-03-19,13,4,7,4,4,3,116,2.3,10,0,0,0,0,10,-1,0,0,0,0,-1,-1,0,0,-1,-1,8,2,0,0,0,0,0,0,0,8,21,49,0
cookiecutter/cookiecutter,https://github.com/cookiecutter/cookiecutter,3084,4125,2013-07-14,279,1189,2055,22544,22544,2001,231,5.8,10,7,10,0,9,10,10,10,0,10,0,10,0,0,0,-1,0,10,0,0,0,0,0,0,0,0,2,2,36,0
corydolphin/flask-cors,https://github.com/corydolphin/flask-cors,371,4111,2013-07-28,41,207,371,888,888,140,10,5.3,10,3,2,0,6,10,10,10,0,10,6,10,0,0,0,-1,0,7,0,0,0,0,0,0,0,0,31,1429,1159,0
crossbario/autobahn-python,https://github.com/crossbario/autobahn-python,3339,4843,2011-07-27,113,749,1640,2482,2482,767,101,4.2,10,3,2,0,4,10,10,0,0,10,0,10,0,0,0,-1,0,10,0,3,1,5,4,0,0,0,86,88,78,2
csaf-tools/cvrf-csaf-converter,https://github.com/csaf-tools/cvrf-csaf-converter,224,1085,2021-11-09,8,47,114,10,10,4,3,4.4,10,6,0,0,5,6,10,0,0,10,0,-1,0,7,0,-1,0,10,6,348,37,11,1,0,0,0,2661,4322,9899,37
cvxopt/cvxopt,https://github.com/cvxopt/cvxopt,58,4267,2013-02-22,8,68,255,984,984,210,39,3.5,10,3,1,0,3,0,10,0,0,9,0,-1,0,0,0,-1,0,10,0,2777,2,0,0,0,0,0,559,922,2822,15
cyanomiko/dcnnt-py,https://github.com/cyanomiko/dcnnt-py,90,1671,2020-04-02,3,3,23,185,185,9,9,2.5,10,0,0,0,0,0,-1,0,0,10,0,-1,-1,0,0,-1,-1,10,0,7,8,10,0,0,0,0,265,205,421,4
cyber-domain-ontology/cdo-utility-local-uuid,https://github.com/cyber-domain-ontology/cdo-utility-local-uuid,23,343,2023-11-21,2,7,7,0,0,1,3,4.3,10,0,10,0,5,10,10,0,0,10,5,-1,0,0,0,-1,0,10,0,2,0,0,0,0,0,2,177,75,45,1
cyface/django-termsandconditions,https://github.com/cyface/django-termsandconditions,790,4499,2012-07-05,17,391,436,108,108,53,5,5.3,10,0,10,0,-1,10,10,10,0,10,7,-1,0,0,0,-1,0,10,0,0,0,0,0,0,0,0,43,1,8,0
d0c-s4vage/lookatme,https://github.com/d0c-s4vage/lookatme,228,1797,2019-11-29,4,96,226,2101,2101,63,13,3.0,10,3,0,0,1,0,10,0,0,10,0,-1,0,0,0,0,0,10,0,1,0,2,0,0,0,0,25,17,21,1
danijar/definitions,https://github.com/danijar/definitions,23,3207,2016-01-18,1,1,17,5,5,5,1,2.4,10,0,-1,0,0,6,-1,0,0,0,0,-1,-1,0,0,-1,-1,10,0,0,0,1,0,0,0,0,3,0,1,0
darrenofficial/dpaste,https://github.com/darrenofficial/dpaste,800,4960,2011-04-01,29,121,257,541,541,124,15,5.5,10,6,1,0,2,10,10,10,0,10,3,10,0,7,0,-1,0,9,0,1,0,0,0,0,0,0,43,331,1008,10
davedoesdev/python-jwt,https://github.com/davedoesdev/python-jwt,169,4047,2013-09-30,5,8,25,220,220,29,10,2.8,10,0,-1,0,0,0,10,0,0,10,0,-1,0,0,0,-1,0,7,0,0,0,0,4,0,0,0,30,34,43,0
dbcli/mycli,https://github.com/dbcli/mycli,1897,3495,2015-04-05,88,505,1168,11449,11449,662,188,4.1,10,0,7,0,6,10,10,0,0,9,0,-1,0,3,0,-1,0,10,0,21,0,0,0,0,0,0,149,246,17900,2
ddmal/mei2volpiano,https://github.com/ddmal/mei2volpiano,466,1268,2021-05-10,5,23,48,0,0,0,9,3.3,10,6,0,0,5,10,10,0,0,10,0,-1,0,0,0,-1,0,0,1,3,0,0,0,0,0,0,14,16,23,0
dedsecinside/torbot,https://github.com/dedsecinside/torbot,965,2722,2017-05-17,34,230,334,2939,2939,536,104,4.5,10,1,10,0,1,10,10,10,0,9,2,-1,0,6,0,0,0,9,0,12,4,0,0,0,0,0,41,359,307,6
deluge-torrent/deluge,https://github.com/deluge-torrent/deluge,9099,3904,2014-02-20,92,468,468,1548,1548,337,67,4.1,10,0,-1,0,0,10,10,0,0,9,10,-1,0,0,0,-1,0,10,1,24,2,0,0,0,0,1,43,24,53,0
devsnd/cherrymusic,https://github.com/devsnd/cherrymusic,1463,4489,2012-07-15,26,74,737,1031,1031,187,68,3.0,10,0,0,0,1,10,-1,0,0,10,0,-1,-1,0,0,-1,-1,10,0,3,0,4,0,0,0,0,32,56,90,0
dexter2206/ymlref,https://github.com/dexter2206/ymlref,20,2376,2018-04-28,1,1,2,0,0,0,2,2.6,10,0,0,0,0,3,-1,0,0,10,0,-1,-1,0,0,-1,-1,10,0,0,0,0,0,0,0,0,1,5,6,0
dgilland/pydash,https://github.com/dgilland/pydash,1264,4186,2013-05-14,22,95,235,1323,1323,93,18,3.6,10,0,10,0,3,6,10,0,0,10,0,-1,0,0,0,-1,0,10,2,3,3,3,0,0,0,0,80,71,267,1
dgtlmoon/changedetection.io,https://github.com/dgtlmoon/changedetection.io,1603,1371,2021-01-27,78,849,2022,17587,17587,983,79,5.5,10,0,10,0,1,0,10,10,0,10,10,10,0,7,0,-1,0,9,2,5,3,20,3,0,0,0,684,437,441,31
diffsk/configobj,https://github.com/diffsk/configobj,238,3942,2014-01-14,7,93,247,320,320,76,18,4.2,10,3,3,0,2,10,10,0,0,9,10,-1,0,0,0,0,0,10,0,8,0,0,2,0,0,0,137,142,55,12
divio/django-cms,https://github.com/divio/django-cms,16174,5717,2009-03-05,307,4417,7964,10184,10184,3108,397,6.2,10,6,10,0,10,10,10,10,0,10,10,10,0,7,0,-1,0,0,2,15,0,0,3,0,0,0,810,135,110,3
django-ses/django-ses,https://github.com/django-ses/django-ses,372,5026,2011-01-25,73,193,338,1009,1009,227,19,5.8,10,3,9,0,6,10,10,10,0,10,8,10,0,0,0,-1,0,9,0,2,0,0,0,0,0,0,17,32,19,0
django-wiki/django-wiki,https://github.com/django-wiki/django-wiki,2927,4487,2012-07-17,109,770,1335,1832,1832,569,92,5.9,10,1,10,0,4,10,-1,10,0,10,10,-1,-1,0,0,-1,-1,10,0,2,0,0,0,0,0,0,43,17,7,0
djblets/djblets,https://github.com/djblets/djblets,3319,5553,2009-08-17,61,22,22,321,321,73,20,4.4,10,0,-1,0,0,10,-1,10,0,0,10,-1,-1,0,0,-1,-1,6,0,9,0,0,0,0,0,0,35,91,45,0
dmwm/wmcore,https://github.com/dmwm/wmcore,17617,4796,2011-09-12,63,4623,10541,46,46,107,26,5.2,10,0,8,0,5,10,10,10,0,10,10,-1,0,0,0,-1,0,6,0,0,0,0,4,0,0,0,30,34,43,0
drakkar-software/octobot,https://github.com/drakkar-software/octobot,4954,2440,2018-02-23,17,1989,2740,3355,3355,763,115,6.2,10,8,10,0,10,10,10,10,0,10,10,10,0,0,0,0,0,9,0,1,1,8,0,0,0,0,19,15,13,0
dscho/hg,https://github.com/dscho/hg,29698,4588,2012-04-07,273,11,11,14,14,18,8,2.8,10,0,-1,0,0,10,-1,0,0,10,0,-1,0,0,0,-1,-1,10,0,1,0,6,22,0,0,0,148,141,327,0
dw/mitogen,https://github.com/dw/mitogen,3640,2999,2016-08-14,36,332,878,2339,2339,199,41,3.5,6,1,10,0,0,6,10,0,0,10,10,-1,0,0,0,0,0,8,0,0,1,0,1,0,0,2,12,21,16,0
embedchain/embedchain,https://github.com/embedchain/embedchain,1127,497,2023-06-20,145,1279,1950,22539,22539,2078,127,4.4,10,3,4,0,6,10,10,0,0,10,10,10,0,0,0,-1,0,0,0,17,0,2,4,0,0,3,314,149,136,0
erinxocon/requests-xml,https://github.com/erinxocon/requests-xml,67,2418,2018-03-17,1,6,14,185,185,6,9,1.6,10,0,-1,0,0,3,-1,0,0,10,0,-1,-1,0,0,-1,-1,0,2,3,3,3,0,0,0,0,80,71,267,1
espressif/esptool,https://github.com/espressif/esptool,1266,3706,2014-09-06,112,191,1027,5556,5556,1378,231,2.5,1,3,10,0,0,10,0,0,0,10,10,-1,0,0,0,0,0,10,2,4,2,0,0,0,0,0,22,9,7,0
ethereum/eth-abi,https://github.com/ethereum/eth-abi,769,3175,2016-02-19,28,154,230,245,245,269,13,3.7,10,3,8,0,5,10,-1,0,0,10,0,-1,0,0,0,-1,-1,10,16,278,22,5,0,0,0,0,198,1602,1532,4
ethereum/eth-account,https://github.com/ethereum/eth-account,693,2470,2018-01-24,33,201,295,268,268,156,17,5.7,10,3,10,0,4,10,-1,10,0,10,10,-1,0,0,0,-1,-1,10,0,0,1,0,0,0,0,0,16,17,8,0
ethereum/py-evm,https://github.com/ethereum/py-evm,3785,2863,2016-12-27,87,1411,2067,2265,2265,649,100,4.1,10,3,10,0,5,10,-1,0,0,10,3,-1,0,0,0,-1,-1,10,0,6,0,0,0,0,0,1,1,2,4,0
eugeny/ajenti,https://github.com/eugeny/ajenti,2532,3431,2015-06-08,41,1,1,209,209,41,28,1.4,10,0,-1,0,0,10,-1,0,0,0,0,-1,0,0,0,-1,-1,0,0,1,0,9,0,0,0,1,260,531,208,0
excid3/python-apt,https://github.com/excid3/python-apt,2,5549,2009-08-20,2,1,10,64,64,41,37,3.0,10,0,0,0,5,0,-1,0,0,10,0,-1,-1,0,0,-1,-1,10,0,0,1,1,0,0,0,0,96,64,58,0
faucetsdn/ryu,https://github.com/faucetsdn/ryu,3354,4708,2011-12-09,97,129,201,1509,1509,1163,155,5.5,10,8,0,0,10,10,10,10,0,10,0,-1,0,0,0,-1,0,10,0,1,0,0,0,0,0,0,1,1,0,0
fedora-infra/bodhi,https://github.com/fedora-infra/bodhi,9309,5744,2009-02-06,116,3885,5780,153,153,195,23,5.8,10,1,10,0,1,10,10,10,0,10,10,-1,0,10,0,-1,0,10,4,20,1,1,2,0,0,0,116,106,98,3
fedora-infra/fedmsg,https://github.com/fedora-infra/fedmsg,1951,4654,2012-02-01,57,319,539,170,170,93,26,3.3,10,0,0,0,4,10,-1,0,0,10,0,-1,-1,0,0,-1,-1,10,11,48,0,5,0,0,0,2,202,1245,605,10
fedora-infra/python-fedora,https://github.com/fedora-infra/python-fedora,1868,4301,2013-01-19,42,199,235,33,33,43,18,3.8,10,0,0,0,5,10,-1,0,0,10,0,-1,-1,0,0,8,-1,10,4,0,0,0,0,0,0,1,7,1,2,0
felixschwarz/mjml-python,https://github.com/felixschwarz/mjml-python,198,1603,2020-06-09,6,26,56,78,78,16,4,4.3,10,3,10,0,0,10,10,0,0,10,3,-1,0,0,0,8,0,10,8,148,42,3,3,0,0,0,1902,1237,3822,9
figlief/ctx,https://github.com/figlief/ctx,7,3606,2014-12-15,1,1,1,2,2,2,1,2.6,10,0,-1,0,0,0,-1,0,0,10,0,-1,-1,0,0,-1,-1,10,0,0,0,0,0,0,0,0,5,6,2,0
flask-middleware/flask-security,https://github.com/flask-middleware/flask-security,2,91,2024-07-30,1,1,1,0,0,0,2,2.2,10,0,-1,0,0,0,-1,0,0,0,0,-1,-1,0,0,-1,-1,10,0,211,1,0,0,0,0,0,468,290,528,1
flink-extended/ai-flow,https://github.com/flink-extended/ai-flow,869,1111,2021-10-14,12,292,385,172,172,36,11,2.8,8,6,0,0,0,6,10,0,0,10,0,10,0,0,0,0,0,0,0,51,2,3,0,0,0,0,148,280,1399,0
fluture-js/fluture-node,https://github.com/fluture-js/fluture-node,83,2045,2019-03-25,2,12,15,19,19,1,4,4.0,10,8,0,0,1,10,10,0,0,10,0,-1,0,0,0,-1,0,10,0,5,0,0,0,0,0,0,20,46,46,3
fredrik-johansson/mpmath,https://github.com/fredrik-johansson/mpmath,1977,4710,2011-12-07,58,299,865,964,964,183,42,4.6,10,0,8,0,1,10,10,0,0,10,10,10,0,0,0,-1,0,10,0,0,0,0,0,0,0,0,53,13,4,0
freeopcua/opcua-asyncio,https://github.com/freeopcua/opcua-asyncio,2318,2280,2018-08-02,150,662,1251,1128,1128,362,54,6.7,10,3,10,0,8,10,10,10,0,10,10,10,0,9,0,-1,0,10,2,3,3,3,0,0,0,0,80,71,267,1
freetakteam/ui,https://github.com/freetakteam/ui,203,1522,2020-08-29,10,27,76,32,32,29,16,2.6,0,0,6,0,1,6,10,0,0,10,0,10,0,0,0,-1,0,5,6,348,37,11,1,0,0,0,2661,4322,9899,37
frostming/rediswrapper,https://github.com/frostming/rediswrapper,27,2735,2017-05-04,2,2,3,10,10,2,2,2.7,10,0,0,0,0,3,10,0,0,10,0,-1,0,0,0,-1,0,6,0,0,0,1,0,0,0,0,1,4,4,0
furlongm/openvpn-monitor,https://github.com/furlongm/openvpn-monitor,268,4456,2012-08-17,16,126,287,967,967,293,62,4.4,10,3,0,0,1,10,10,10,0,10,0,-1,0,7,0,0,0,10,1,0,0,1,0,0,0,0,11,9,3,0
fusionbox/django-widgy,https://github.com/fusionbox/django-widgy,1710,4312,2013-01-08,14,285,394,333,333,52,24,1.6,9,0,0,0,0,10,-1,0,0,9,0,-1,-1,0,0,-1,-1,0,0,3,0,0,3,0,0,0,3,13,21,0
ganga-devs/ganga,https://github.com/ganga-devs/ganga,14758,3313,2015-10-04,74,1457,2390,100,100,159,13,5.2,9,8,6,0,10,10,0,10,0,10,8,-1,0,0,0,-1,0,10,44,166,18,0,24,0,0,2,153,98,100,0
gevent/gevent,https://github.com/gevent/gevent,5999,4429,2012-09-13,90,642,2068,6246,6246,937,240,4.8,10,0,6,0,0,10,10,10,0,9,10,10,0,0,0,0,0,9,0,2,1,0,0,0,0,1,14,19,17,0
giampaolo/pyftpdlib,https://github.com/giampaolo/pyftpdlib,1456,3807,2014-05-28,32,111,651,1674,1674,264,53,4.1,10,0,7,0,0,6,10,0,0,10,10,-1,0,0,0,-1,0,10,0,2,2,2,1,0,0,0,50,62,124,1
git-big-picture/git-big-picture,https://github.com/git-big-picture/git-big-picture,1416,4976,2011-03-16,14,449,489,543,543,80,19,5.4,10,0,10,0,0,10,10,10,0,10,10,-1,5,0,0,-1,0,10,2,16,10,2,0,0,0,0,165,330,202,18
grahamdumpleton/mod_wsgi,https://github.com/grahamdumpleton/mod_wsgi,1588,3950,2014-01-05,32,59,908,1024,1024,268,60,4.1,10,0,0,0,1,10,10,0,0,10,10,-1,0,0,0,-1,0,10,0,0,0,0,0,0,0,0,27,27,44,4
gramaddict/bot,https://github.com/gramaddict/bot,722,1461,2020-10-29,13,157,393,1127,1127,178,37,4.3,10,3,5,0,0,10,10,10,0,10,0,-1,0,0,0,-1,0,8,0,0,0,0,0,0,0,0,4,1,8,0
graphite-project/graphite-web,https://github.com/graphite-project/graphite-web,4358,4558,2012-05-07,312,1646,2855,5898,5898,1257,269,6.1,10,3,10,0,2,10,10,10,0,10,10,-1,0,10,0,-1,0,10,0,0,0,0,0,0,0,1,3,21,13,0
guake/guake,https://github.com/guake/guake,2486,4550,2012-05-15,239,725,2238,4433,4433,575,149,5.1,10,6,3,0,5,10,10,10,0,10,8,10,0,0,0,-1,0,0,18,28,13,0,0,0,0,0,729,351,376,45
gventuri/pandas-ai,https://github.com/gventuri/pandas-ai,1079,556,2023-04-22,98,519,1245,13142,13142,1273,109,3.7,10,1,1,0,5,10,10,0,0,9,10,-1,0,0,0,-1,0,0,1,19,0,1,0,0,0,0,15,29,13,0
hail-is/hail,https://github.com/hail-is/hail,11597,3290,2015-10-27,79,12322,14743,979,979,246,56,6.5,5,8,8,0,10,10,-1,10,0,10,10,-1,-1,0,0,-1,-1,8,0,0,0,0,0,0,0,0,3,40,4,0
hanwentao/html2csv,https://github.com/hanwentao/html2csv,29,1943,2019-07-05,2,2,12,40,40,11,3,2.1,10,0,0,0,0,6,-1,0,0,10,0,-1,-1,0,0,-1,-1,4,1,136,8,9,11,0,0,0,547,1607,4236,24
hatchetation/freeipa,https://github.com/hatchetation/freeipa,6447,4277,2013-02-12,26,1,1,2,2,1,4,3.0,10,0,-1,0,0,10,-1,0,0,10,0,-1,-1,0,0,-1,-1,10,0,0,0,0,0,0,0,0,26,74,152,3
html5lib/html5lib-python,https://github.com/html5lib/html5lib-python,1612,4221,2013-04-09,56,320,575,1121,1121,283,50,5.0,10,8,1,0,7,10,10,0,10,10,0,-1,0,0,0,-1,0,10,0,0,0,0,0,0,0,0,2,1,5,0
humansignal/label-studio,https://github.com/humansignal/label-studio,3970,1960,2019-06-19,123,4160,6421,18995,18995,2371,177,3.7,8,2,10,0,5,10,0,10,0,10,10,-1,0,7,0,0,0,0,0,0,0,0,0,0,0,0,0,1,2,0
hydralabs/pyamf,https://github.com/hydralabs/pyamf,1602,5224,2010-07-12,10,53,70,158,158,93,22,2.4,10,0,0,0,0,10,-1,0,0,9,0,-1,0,0,0,0,-1,10,0,2,2,4,0,0,0,0,29,33,14,0
i3thuan5/tuitse-tsusin,https://github.com/i3thuan5/tuitse-tsusin,131,1760,2020-01-04,3,20,25,0,0,0,2,5.6,10,8,10,0,10,3,-1,0,0,10,0,-1,-1,10,0,-1,-1,10,13,7,1,2,0,18,0,0,135,326,471,0
ierror/django-js-reverse,https://github.com/ierror/django-js-reverse,334,4285,2013-02-04,29,69,69,539,539,100,18,3.3,10,0,0,0,3,10,10,0,0,10,0,-1,0,0,0,-1,0,8,17,153,3,8,4,0,0,2,3277,923,617,12
ijl/orjson,https://github.com/ijl/orjson,682,2169,2018-11-21,21,101,524,6204,6204,216,38,4.7,10,0,-1,0,0,10,10,0,10,10,10,-1,0,0,0,-1,0,10,0,1,0,1,1,0,0,0,2,7,8,0
ilanschnell/bsdiff4,https://github.com/ilanschnell/bsdiff4,197,4910,2011-05-21,4,7,24,117,117,26,7,3.9,10,0,0,0,0,0,10,0,0,9,8,10,0,0,0,-1,0,10,0,0,0,0,0,0,0,0,0,23,1,0
illagrenan/django-make-app,https://github.com/illagrenan/django-make-app,64,3112,2016-04-22,1,1,6,13,13,7,4,2.2,10,0,-1,0,0,10,-1,0,0,10,0,-1,-1,0,0,-1,-1,3,3,296,0,0,0,0,0,0,837,71483,47154,4516
impredicative/bitlyshortener,https://github.com/impredicative/bitlyshortener,221,2096,2019-02-02,1,1,18,26,26,12,3,3.1,10,0,-1,0,0,0,10,0,0,10,0,-1,0,0,0,-1,0,10,0,0,0,0,0,0,0,0,0,0,0,0
inveniosoftware/invenio-app,https://github.com/inveniosoftware/invenio-app,98,2797,2017-03-03,19,61,95,3,3,35,81,4.3,10,3,4,0,5,10,10,0,0,10,0,10,0,0,0,-1,0,10,1,4,0,0,0,0,0,0,24,43,46,0
inventree/inventree-python,https://github.com/inventree/inventree-python,694,1993,2019-05-16,16,173,247,27,27,35,10,3.8,10,3,10,0,2,6,10,0,0,10,10,-1,0,0,0,-1,0,0,7,0,0,0,1,0,0,0,10,12,31,0
ipsilon-project/ipsilon,https://github.com/ipsilon-project/ipsilon,790,2800,2017-02-28,17,1,1,3,3,1,2,2.8,10,0,-1,0,0,10,-1,0,0,10,0,-1,0,0,0,-1,-1,10,0,66,1,20,1,0,0,0,87,378,214,2
irmen/pyro3,https://github.com/irmen/pyro3,63,4141,2013-06-28,1,1,1,4,4,4,5,2.6,10,0,-1,0,0,0,-1,0,0,10,0,-1,-1,0,0,-1,-1,10,0,0,0,0,0,0,0,0,1,4,0,0
iterative/pydrive2,https://github.com/iterative/pydrive2,421,1750,2020-01-14,41,159,347,580,580,68,11,4.5,10,6,10,0,5,10,0,10,0,9,1,10,0,0,0,-1,0,10,2,13,0,1,0,0,0,0,258,189,93,130
jamesturk/django-markupfield,https://github.com/jamesturk/django-markupfield,273,5642,2009-05-19,16,31,60,194,194,40,10,4.2,10,0,5,0,0,10,10,10,0,9,0,-1,0,0,0,-1,0,10,0,0,0,1,0,0,0,0,1,4,4,0
jaspernbrouwer/powerline-gitstatus,https://github.com/jaspernbrouwer/powerline-gitstatus,70,3561,2015-01-29,12,21,49,383,383,53,13,3.8,10,0,0,0,2,10,-1,0,0,10,7,-1,-1,0,0,-1,-1,10,0,0,0,0,0,0,0,1,3,7,1,0
jaypipes/python-glanceclient,https://github.com/jaypipes/python-glanceclient,3,4626,2012-02-29,2,1,1,2,2,3,3,2.8,10,0,0,0,3,0,-1,0,0,9,0,-1,-1,0,0,-1,-1,10,0,0,0,0,0,0,0,0,2,0,0,0
jborg/attic,https://github.com/jborg/attic,600,4130,2013-07-09,13,93,397,1111,1111,104,50,2.7,10,0,0,0,1,6,-1,0,0,9,0,-1,-1,0,0,-1,-1,9,0,0,2,0,0,0,0,0,18,36,20,1
jdennis/keycloak-httpd-client-install,https://github.com/jdennis/keycloak-httpd-client-install,75,3175,2016-02-19,2,8,15,12,12,10,4,2.4,10,0,0,0,1,0,-1,0,0,10,0,-1,-1,0,0,0,-1,10,2,287,0,19,0,0,0,0,3151,961,433,65
jnwatson/py-lmdb,https://github.com/jnwatson/py-lmdb,1083,4285,2013-02-04,27,82,370,644,644,106,26,3.6,10,0,1,0,0,10,10,0,0,9,0,10,0,0,0,-1,0,10,0,2,0,1,0,0,0,0,48,28,38,0
joajfreitas/marcador,https://github.com/joajfreitas/marcador,126,2662,2017-07-16,3,23,43,42,42,5,2,3.5,10,6,10,0,0,0,10,0,0,10,0,-1,0,0,0,0,0,10,0,0,0,0,0,0,0,0,0,0,0,0
joblib/joblib,https://github.com/joblib/joblib,1524,5289,2010-05-07,119,747,1616,3855,3855,414,63,4.7,10,3,7,0,5,10,-1,0,10,10,3,-1,0,0,0,-1,-1,10,0,1,1,6,0,0,0,0,130,34,80,0
joestump/python-oauth2,https://github.com/joestump/python-oauth2,352,5487,2009-10-21,33,115,248,2993,2993,911,218,3.2,10,0,0,0,6,10,-1,0,0,10,0,-1,-1,0,0,-1,-1,7,0,26,0,0,0,0,0,0,6,8,126,0
joniles/mpxj,https://github.com/joniles/mpxj,3999,3432,2015-06-07,16,491,765,246,246,103,21,3.2,0,0,0,0,0,0,-1,10,0,10,10,-1,-1,0,0,0,-1,10,0,0,0,1,0,0,0,0,1,4,4,0
jrspruitt/ubi_reader,https://github.com/jrspruitt/ubi_reader,164,4004,2013-11-12,12,40,94,522,522,135,28,3.9,10,1,0,0,7,10,10,0,0,10,0,-1,0,0,0,-1,0,10,0,6,0,0,0,0,0,0,49,78,157,0
jupyterhub/binderhub,https://github.com/jupyterhub/binderhub,3511,2744,2017-04-26,88,1165,1858,2559,2559,390,78,5.6,10,3,9,0,8,10,10,10,0,10,10,-1,0,0,0,-1,0,5,0,53,2,7,1,0,0,0,149,415,58,1
jupyterhub/dockerspawner,https://github.com/jupyterhub/dockerspawner,725,3686,2014-09-26,56,244,519,489,489,308,27,4.7,10,3,9,0,1,10,10,10,0,10,0,10,0,0,0,-1,0,8,0,0,0,0,0,0,0,0,8,28,46,0
jupyterhub/firstuseauthenticator,https://github.com/jupyterhub/firstuseauthenticator,111,2927,2016-10-25,10,32,58,48,48,31,5,5.6,10,3,2,0,4,10,10,10,0,10,9,10,0,0,0,-1,0,10,0,162,1,2,0,0,0,1,71,37,49,0
jupyterhub/jupyter-server-proxy,https://github.com/jupyterhub/jupyter-server-proxy,1176,2933,2016-10-18,72,298,506,351,351,148,18,6.2,10,3,10,0,7,10,10,10,0,10,10,10,0,0,0,-1,0,10,0,6,3,1,8,0,0,1,77,117,138,0
jupyterhub/kubespawner,https://github.com/jupyterhub/kubespawner,1699,3265,2015-11-21,78,493,864,546,546,305,27,5.9,10,3,5,0,5,10,10,10,0,10,10,10,0,0,0,-1,0,10,124,2925,0,0,0,0,0,0,514,3538,21910,1
jupyterhub/nbgitpuller,https://github.com/jupyterhub/nbgitpuller,620,2715,2017-05-24,29,197,359,212,212,86,16,5.6,10,3,10,0,6,10,10,10,0,10,4,10,0,0,0,-1,0,10,4,4,0,3,0,0,0,0,119,62,32,0
jupyterhub/oauthenticator,https://github.com/jupyterhub/oauthenticator,1741,3689,2014-09-23,106,461,768,413,413,364,20,6.2,10,3,10,0,7,10,10,10,0,10,10,10,0,0,0,-1,0,10,3,35,5,4,0,0,0,0,190,105,426,0
jwilk-archive/ocrodjvu,https://github.com/jwilk-archive/ocrodjvu,1361,3441,2015-05-29,2,1,46,45,45,19,6,3.4,10,0,-1,0,0,0,10,0,0,10,0,-1,0,0,0,8,0,10,1,42,0,7,1,0,0,0,1393,499,274,24
kakwa/ldapcherry,https://github.com/kakwa/ldapcherry,725,3802,2014-06-02,10,27,71,225,225,70,15,3.9,10,0,0,0,3,0,10,10,0,10,0,-1,0,0,0,-1,0,9,1,4,3,2,0,0,0,0,31,33,37,0
kinto/kinto-attachment,https://github.com/kinto/kinto-attachment,863,3276,2015-11-10,14,657,727,43,43,8,6,5.9,10,6,10,0,6,10,10,10,0,10,5,10,0,0,0,-1,0,10,0,0,0,1,0,0,0,0,42,42,30,0
kiorky/soappy,https://github.com/kiorky/soappy,67,4999,2011-02-21,8,18,37,75,75,52,12,2.9,10,0,0,0,1,10,-1,0,0,9,0,-1,-1,0,0,-1,-1,10,2,17,0,13,1,0,0,0,84,157,99,1
kludex/python-multipart,https://github.com/kludex/python-multipart,188,4236,2013-03-25,23,124,180,326,326,58,13,6.4,10,3,10,0,4,10,10,10,10,9,10,10,0,0,0,-1,0,10,6,62,0,0,0,0,0,0,25,718,300,0
knugihk/whatsapp-chat-exporter,https://github.com/knugihk/whatsapp-chat-exporter,432,1388,2021-01-10,7,12,107,610,610,86,10,4.8,10,0,-1,0,0,6,10,0,0,10,10,10,0,0,0,0,10,10,0,0,0,0,0,0,0,0,9,1,4,0
koji-project/koji,https://github.com/koji-project/koji,7737,3280,2015-11-06,90,3,3,39,39,26,11,2.7,0,0,-1,0,0,10,-1,0,0,9,10,-1,0,0,0,-1,-1,10,22,295,12,10,2,0,0,0,4717,1365,1219,185
kozea/cairosvg,https://github.com/kozea/cairosvg,1003,4829,2011-08-10,36,96,429,764,764,150,50,3.8,10,0,7,0,1,10,10,0,0,10,4,-1,0,0,0,-1,0,10,0,0,0,0,0,0,0,0,0,0,0,0
kozea/radicale,https://github.com/kozea/radicale,2600,4828,2011-08-11,100,490,1497,3339,3339,432,102,4.7,10,0,10,0,1,10,10,0,0,10,10,10,0,0,0,-1,0,10,0,7,3,88,1,0,0,0,358,146,2292,1
kozea/weasyprint,https://github.com/kozea/weasyprint,5726,4830,2011-08-09,125,407,2282,7184,7184,680,132,4.1,10,0,10,0,1,10,10,0,0,10,10,-1,0,0,0,0,0,10,0,1,14,1,0,0,0,0,61,38,8,0
krateng/maloja,https://github.com/krateng/maloja,1719,2163,2018-11-27,24,61,362,1155,1155,67,16,3.2,10,0,0,0,0,10,10,0,0,10,0,10,5,0,0,-1,0,2,0,2,1,1,1,0,0,0,123,266,20,0
kurtmckee/feedparser,https://github.com/kurtmckee/feedparser,1406,5087,2010-11-26,46,215,476,1966,1966,342,46,5.8,10,3,10,0,2,10,10,10,0,9,10,-1,5,0,0,-1,0,10,0,0,0,0,0,0,0,0,0,0,0,0
latchset/kdcproxy,https://github.com/latchset/kdcproxy,82,3939,2014-01-16,8,42,64,60,60,22,10,3.7,10,3,0,0,5,10,10,0,0,10,0,-1,0,0,0,1,0,10,0,2,0,2,0,0,0,0,22,87,61,1
legrandin/pycrypto,https://github.com/legrandin/pycrypto,926,5042,2011-01-09,21,2,2,10,10,5,5,2.8,10,0,-1,0,0,10,-1,0,0,9,0,-1,-1,0,0,-1,-1,9,0,7,3,0,0,0,0,0,18,76,23,0
legrandin/pycryptodome,https://github.com/legrandin/pycryptodome,2966,3833,2014-05-02,127,231,810,2834,2834,502,66,5.6,10,0,10,0,0,10,10,0,10,9,10,-1,0,10,0,8,0,10,0,4,0,0,0,0,0,0,5,26,73,0
lenovo/antilles,https://github.com/lenovo/antilles,34,2540,2017-11-16,6,13,13,17,17,11,14,1.5,10,0,0,0,1,3,-1,0,0,10,0,-1,-1,0,0,0,-1,0,0,3,0,0,0,0,0,0,78,42,24,0
leo-editor/leo-editor,https://github.com/leo-editor/leo-editor,35075,3913,2014-02-11,44,1449,4136,1487,1487,155,48,5.0,9,7,0,0,4,10,-1,0,0,9,10,-1,-1,0,0,-1,-1,10,0,0,0,0,0,0,0,0,0,0,3,0
lepture/mistune,https://github.com/lepture/mistune,669,3906,2014-02-18,39,99,387,2582,2582,250,46,4.3,10,0,5,0,3,10,10,0,0,10,5,10,0,0,0,-1,0,10,0,154,1,0,0,0,0,0,56,70,67,1
lief-project/lief,https://github.com/lief-project/lief,2243,2784,2017-03-16,115,280,1101,4470,4470,622,129,4.0,7,0,0,0,0,10,10,0,10,10,10,-1,0,0,0,0,0,10,1,12,0,5,2,0,0,1,376,301,1004,2
liftoff/gateone,https://github.com/liftoff/gateone,859,4766,2011-10-12,27,54,757,6282,6282,925,288,2.7,10,0,0,0,1,10,-1,0,0,9,0,-1,0,0,0,-1,-1,10,6,348,37,11,1,0,0,0,2661,4322,9899,37
lingthio/flask-user,https://github.com/lingthio/flask-user,666,3905,2014-02-19,34,119,344,1059,1059,294,40,2.2,10,0,0,0,2,10,-1,0,0,10,0,-1,-1,0,0,-1,-1,2,0,0,0,0,0,0,0,0,0,6,7,0
linotp/linotp,https://github.com/linotp/linotp,7400,3815,2014-05-20,16,28,230,515,515,120,41,2.4,7,0,-1,0,0,10,-1,0,0,10,10,-1,0,0,0,-1,-1,0,0,1,3,0,0,0,0,0,29,36,35,0
linuxmint/aptdaemon,https://github.com/linuxmint/aptdaemon,14,919,2022-04-24,1,1,1,2,2,0,3,1.7,0,0,-1,0,0,6,-1,0,0,10,0,-1,-1,0,0,-1,-1,10,2,16,1,14,1,0,0,0,651,152,101,3
localstack/localstack,https://github.com/localstack/localstack,6426,2926,2016-10-25,427,6034,11689,56104,56104,4001,515,6.1,9,3,10,0,10,10,10,10,0,9,10,10,1,0,0,-1,0,7,0,2,0,0,0,0,0,0,0,15,12,0
mage-ai/mage-ai,https://github.com/mage-ai/mage-ai,5463,897,2022-05-16,131,4632,5487,7882,7882,759,62,4.7,8,0,9,0,7,10,10,0,0,10,10,10,0,9,0,-1,0,0,0,0,0,9,1,0,0,0,7,74,32,0
mapproxy/mapproxy,https://github.com/mapproxy/mapproxy,3734,4572,2012-04-23,96,627,1013,564,564,258,46,5.5,10,0,3,0,9,10,10,10,0,10,10,10,0,0,0,0,0,10,0,0,0,0,1,0,0,0,181,907,8,5
mardiros/pyshop,https://github.com/mardiros/pyshop,431,4338,2012-12-13,12,37,95,103,103,40,8,2.7,10,0,0,0,0,10,-1,0,0,10,0,-1,0,0,0,-1,-1,10,0,2,0,2,3,0,0,0,52,49,38,1
martinpitt/python-dbusmock,https://github.com/martinpitt/python-dbusmock,723,3527,2015-03-04,37,150,222,62,62,51,7,4.9,10,3,10,0,5,10,10,0,0,10,10,10,1,0,0,0,0,10,0,27,1,1,4,0,0,0,102,64,273,5
matthiask/html-sanitizer,https://github.com/matthiask/html-sanitizer,262,2739,2017-04-30,12,14,48,127,127,23,4,3.5,10,0,7,0,1,10,10,0,0,10,0,-1,0,0,0,-1,0,10,0,2,1,7,0,0,0,0,269,173,54,1
mchehab/zbar,https://github.com/mchehab/zbar,744,2274,2018-08-08,41,103,287,975,975,204,33,3.0,10,0,0,0,0,10,10,0,0,10,0,-1,0,0,0,0,0,10,0,5,0,1,0,0,0,0,45,147,4292,0
mechanicalsoup/mechanicalsoup,https://github.com/mechanicalsoup/mechanicalsoup,647,3809,2014-05-26,46,266,440,4660,4660,378,110,4.6,10,3,6,0,2,10,10,10,0,10,0,-1,0,8,0,-1,0,4,2,3,3,3,0,0,0,0,80,71,267,1
meraki/dashboard-api-python,https://github.com/meraki/dashboard-api-python,364,2615,2017-09-01,22,113,267,292,292,152,67,5.5,10,1,8,0,0,3,10,10,0,10,10,10,0,7,0,-1,0,9,0,236,0,0,0,0,0,0,0,6,0,0
messense/aliyundrive-webdav,https://github.com/messense/aliyundrive-webdav,845,1168,2021-08-18,18,185,532,9617,9617,1094,76,4.4,10,3,10,0,4,10,10,10,0,10,0,10,0,0,0,0,0,4,0,1,1,0,2,0,0,0,13,12,8,0
mhammond/pywin32,https://github.com/mhammond/pywin32,4791,2562,2017-10-24,88,534,2423,5044,5044,796,140,4.5,8,3,8,0,9,10,10,0,0,0,10,-1,0,0,0,0,0,10,2,89,9,0,0,0,0,0,115,352,94,12
mher/flower,https://github.com/mher/flower,1358,4496,2012-07-08,187,433,1369,6454,6454,1085,142,5.2,10,3,6,0,4,10,10,10,0,9,2,10,0,0,0,-1,0,10,3,1,0,0,12,0,0,0,14,25,17,0
michael-lazar/rtv,https://github.com/michael-lazar/rtv,1631,3551,2015-02-08,48,287,713,4649,4649,275,82,2.6,10,0,0,0,1,10,-1,0,0,10,0,-1,-1,0,0,-1,-1,7,0,0,0,0,0,0,0,0,10,5,8,0
micropyramid/django-crm,https://github.com/micropyramid/django-crm,364,2715,2017-05-24,33,230,517,1954,1954,892,121,3.4,10,0,5,0,5,10,10,0,0,10,0,-1,0,8,0,-1,0,0,0,16,0,10,1,0,0,0,143,186,146,5
mithril-security/sgx-dcap-quote-verify-python,https://github.com/mithril-security/sgx-dcap-quote-verify-python,17,678,2022-12-21,1,14,14,2,2,0,1,3.6,10,0,-1,0,0,0,10,10,0,0,0,-1,0,0,0,-1,0,10,26,53,0,0,0,0,0,0,64,156,78,0
mkalioby/django-mfa2,https://github.com/mkalioby/django-mfa2,174,2111,2019-01-18,7,43,91,297,297,44,12,3.3,10,0,6,0,1,10,-1,10,0,10,1,-1,-1,0,0,-1,-1,0,0,79,0,0,0,0,0,0,23,166,15,0
mkdocs/mkdocs,https://github.com/mkdocs/mkdocs,2113,3944,2014-01-11,229,1306,3319,19325,19325,2406,229,5.8,10,6,10,0,9,10,10,0,0,10,10,10,0,0,0,-1,0,10,0,8,0,0,213,0,0,69,88,290,860,4
mkomitee/requests-kerberos,https://github.com/mkomitee/requests-kerberos,171,3735,2014-08-08,20,1,1,0,0,1,2,1.7,10,0,-1,0,0,10,-1,0,0,9,0,-1,0,0,0,-1,-1,0,4,7,3,11,2,0,0,0,280,187,292,13
modoboa/modoboa-dmarc,https://github.com/modoboa/modoboa-dmarc,140,3400,2015-07-09,9,36,68,15,15,11,10,3.4,10,0,0,0,2,10,10,10,0,10,0,-1,0,0,0,-1,0,0,9,85,46,2,2,0,0,2,1048,348,471,15
moinwiki/moin-1.9,https://github.com/moinwiki/moin-1.9,6258,2267,2018-08-16,26,39,101,140,140,53,14,3.0,1,0,0,0,2,10,-1,0,0,9,4,-1,-1,0,0,8,-1,10,3,1,0,0,0,0,0,0,14,25,17,0
mongodb/mongo-python-driver,https://github.com/mongodb/mongo-python-driver,5952,5766,2009-01-15,178,1978,1978,4140,4140,1100,241,7.0,10,5,10,0,10,10,10,10,0,10,10,-1,0,10,0,8,0,10,0,35478,6,3,2,0,0,0,287,14355,8663,6
morgan-phoenix/enrocrypt,https://github.com/morgan-phoenix/enrocrypt,84,1253,2021-05-25,3,15,21,4,4,3,1,4.1,10,0,0,0,0,0,10,10,0,10,0,-1,0,7,0,-1,0,9,0,8,0,0,2,0,0,0,87,223,131,22
mozilla/pollbot,https://github.com/mozilla/pollbot,727,2646,2017-08-01,16,349,483,10,10,15,19,5.7,10,6,10,0,3,10,-1,10,0,10,10,-1,0,0,0,-1,-1,8,0,211,1,0,0,0,0,0,468,290,528,1
mpdavis/python-jose,https://github.com/mpdavis/python-jose,661,3480,2015-04-20,41,204,362,1537,1537,236,28,5.0,10,3,0,0,2,10,10,10,10,10,0,-1,0,0,0,-1,0,10,4,15,0,1,1,0,0,0,134,208,54,0
msabramo/kallithea,https://github.com/msabramo/kallithea,4980,3492,2015-04-08,59,1,1,5,5,2,3,2.8,10,0,0,0,0,10,-1,0,0,9,0,-1,-1,0,0,-1,-1,10,0,0,0,0,4,0,0,0,79,49,41,4
mubarakalmehairbi/toui,https://github.com/mubarakalmehairbi/toui,90,581,2023-03-28,2,2,6,13,13,1,1,3.9,10,0,-1,0,0,0,10,0,0,10,0,-1,0,10,0,-1,9,5,0,0,0,0,0,0,0,0,1,27,12,0
mvpoland/django-ajax-utilities,https://github.com/mvpoland/django-ajax-utilities,124,3140,2016-03-25,15,1,1,0,0,1,10,2.8,10,0,-1,0,0,6,-1,0,0,10,0,-1,-1,0,0,-1,-1,10,0,0,0,0,0,0,0,0,7,25,1,0
mwiatrzyk/pydio,https://github.com/mwiatrzyk/pydio,115,751,2022-10-09,1,7,10,4,4,0,2,1.9,10,4,0,0,0,0,-1,0,0,10,0,-1,-1,0,0,-1,-1,0,12,38,4,0,0,0,0,2,897,843,1983,5
mymarilyn/clickhouse-driver,https://github.com/mymarilyn/clickhouse-driver,579,2729,2017-05-10,52,118,462,1210,1210,213,27,5.4,10,3,10,0,0,10,10,10,0,9,10,-1,0,0,0,-1,0,10,0,0,0,0,0,0,0,0,3,46,203,1
nameko/nameko,https://github.com/nameko/nameko,2599,4263,2013-02-26,38,513,781,4714,4714,470,165,4.0,10,1,0,0,4,10,10,0,0,10,0,10,0,0,0,-1,0,10,0,1,0,0,0,0,0,0,26,40,100,0
naparuba/shinken,https://github.com/naparuba/shinken,8570,5089,2010-11-23,126,752,2035,1134,1134,336,92,3.2,10,0,0,0,5,10,-1,0,0,10,0,-1,0,0,0,-1,-1,10,0,0,0,0,0,0,0,0,12,28,7,0
netflix/consoleme,https://github.com/netflix/consoleme,952,1812,2019-11-13,47,616,721,3134,3134,252,242,5.3,10,8,0,0,9,10,10,10,0,10,0,10,0,7,0,-1,0,0,29,292,0,0,3,6,0,0,550,1049,416,0
netflix/security_monkey,https://github.com/netflix/security_monkey,1660,3777,2014-06-27,95,688,1236,4354,4354,798,628,1.7,10,0,0,0,2,10,-1,0,0,10,0,-1,0,0,0,0,-1,0,13,42,64,3,0,0,0,0,196,957,1232,1
nexb/scancode.io,https://github.com/nexb/scancode.io,1028,1510,2020-09-10,19,534,1394,114,114,85,14,4.5,8,3,10,0,2,10,10,0,0,10,10,10,0,0,0,0,0,10,0,0,0,0,0,0,0,0,8,0,0,0
nexmirror/kallithea,https://github.com/nexmirror/kallithea,8256,1671,2020-04-02,104,13,13,2,2,1,2,1.7,10,0,-1,0,0,10,-1,0,0,9,0,-1,0,0,0,-1,-1,0,0,8,0,0,2,0,0,0,87,223,131,22
nicfit/eyed3,https://github.com/nicfit/eyed3,1409,2838,2017-01-21,25,411,629,546,546,58,9,3.8,10,3,1,0,2,10,10,10,0,10,1,-1,0,7,0,0,0,0,2,5,4,0,0,0,0,0,22,75,71,0
nicotine-plus/nicotine-plus,https://github.com/nicotine-plus/nicotine-plus,11356,4095,2013-08-13,90,1592,2733,1742,1742,134,23,4.2,10,1,10,0,1,10,10,0,0,10,10,-1,0,0,0,0,0,10,0,1,0,0,0,0,0,0,4,1,0,0
nitely/spirit,https://github.com/nitely/spirit,950,3826,2014-05-09,14,148,331,1162,1162,334,52,2.2,10,0,0,0,0,0,10,0,0,10,0,-1,0,0,0,-1,0,0,0,0,0,1,0,0,0,0,5,15,10,0
nmslib/hnswlib,https://github.com/nmslib/hnswlib,491,2672,2017-07-06,49,225,597,4341,4341,643,65,4.4,10,0,10,0,9,10,10,0,0,10,2,-1,0,0,0,-1,0,10,0,0,0,9,1,0,0,0,7,74,32,0
nonebot/nonebot2,https://github.com/nonebot/nonebot2,4694,1529,2020-08-23,374,1693,3048,6020,6020,558,29,5.8,10,6,10,0,1,10,10,10,0,10,10,10,0,9,0,0,0,8,0,0,0,0,0,0,0,0,14,10,31,0
nvbn/thefuck,https://github.com/nvbn/thefuck,1651,3492,2015-04-08,168,700,1437,85233,85233,3441,832,3.6,10,0,0,0,7,10,10,0,0,10,0,-1,0,0,0,-1,0,8,0,0,0,0,0,0,0,0,5,13,2,0
nvidia/nemo,https://github.com/nvidia/nemo,7409,1912,2019-08-05,344,8095,10374,11974,11974,2492,206,5.2,10,8,10,0,8,10,0,10,0,10,10,10,0,10,0,0,0,3,0,0,1,0,0,0,0,0,16,17,8,0
nvidia/nvflare,https://github.com/nvidia/nvflare,1929,1194,2021-07-23,41,2537,2843,627,627,179,22,5.6,10,1,10,0,10,3,10,10,0,10,10,-1,0,10,0,-1,0,0,0,6,0,0,0,0,0,0,49,78,157,0
nyuccl/psiturk,https://github.com/nyuccl/psiturk,1875,4504,2012-06-30,45,208,562,277,277,140,31,3.3,10,0,0,0,1,10,10,0,0,10,0,-1,0,0,0,-1,0,10,0,0,0,0,0,0,0,0,6,7,1,0
oisf/suricata-update,https://github.com/oisf/suricata-update,367,2555,2017-10-31,18,346,346,252,252,93,24,4.2,10,0,8,0,1,6,10,0,0,10,0,-1,0,0,0,-1,10,10,0,0,1,2,0,0,0,1,24,104,114,1
onionshare/onionshare,https://github.com/onionshare/onionshare,5229,3815,2014-05-20,187,905,1903,6278,6278,647,185,6.0,10,6,10,0,10,10,10,10,0,9,10,-1,0,10,0,4,0,0,0,30,0,2,2,0,0,0,151,185,119,4
onshift/turbogears,https://github.com/onshift/turbogears,69,4255,2013-03-06,7,20,20,0,0,11,17,3.9,10,0,0,0,10,10,-1,0,0,9,0,-1,-1,0,0,-1,-1,10,1,113,5,44,20,0,0,1,511,717,2049,3
open-iscsi/rtslib-fb,https://github.com/open-iscsi/rtslib-fb,610,4726,2011-11-22,42,120,202,73,73,90,10,3.9,10,0,0,0,6,6,10,0,0,10,4,-1,0,0,0,-1,0,10,0,0,0,1,0,0,0,0,93,54,55,0
opencv/opencv-python,https://github.com/opencv/opencv-python,965,3126,2016-04-08,43,218,1025,4518,4518,845,91,4.3,10,6,8,0,3,10,10,0,0,10,1,-1,0,0,0,-1,0,10,0,0,0,0,0,0,0,0,1,7,6,0
openkmip/pykmip,https://github.com/openkmip/pykmip,950,3739,2014-08-04,32,549,723,263,263,132,32,3.9,10,3,8,0,8,10,10,0,0,10,0,-1,0,9,0,0,0,2,1,0,0,0,2,0,0,0,7,7,4,0
openstack/barbican,https://github.com/openstack/barbican,3674,3812,2014-05-23,177,7,7,237,237,73,26,2.2,10,0,-1,0,0,10,-1,0,0,10,5,-1,0,0,0,-1,-1,0,2,28,2,10,0,0,0,0,327,344,1186,2
openstack/ceilometer,https://github.com/openstack/ceilometer,7344,4370,2012-11-11,287,7,7,319,319,326,70,3.0,10,0,-1,0,0,10,-1,0,0,10,10,-1,-1,0,0,-1,-1,0,0,6,0,1,0,0,0,0,189,148,368,1
openstack/cinder,https://github.com/openstack/cinder,20973,4352,2012-11-29,270,69,69,648,648,912,150,3.0,10,0,-1,0,0,10,-1,0,0,10,10,-1,-1,0,0,-1,-1,0,4,25,6,3,2,0,0,1,691,750,1465,21
openstack/glance,https://github.com/openstack/glance,7977,4835,2011-08-04,274,12,12,511,511,526,72,3.0,10,0,-1,0,0,10,-1,0,0,10,10,-1,-1,0,0,-1,-1,0,29,33,3,0,3,6,0,0,271,317,643,1
openstack/glance_store,https://github.com/openstack/glance_store,1111,3758,2014-07-16,105,2,2,67,67,57,10,2.6,10,0,-1,0,0,10,-1,0,0,10,1,-1,-1,0,0,-1,-1,6,0,19,0,3,1,0,0,0,12,31,71,1
openstack/heat,https://github.com/openstack/heat,16318,4349,2012-12-02,296,16,16,394,394,341,76,3.0,10,0,-1,0,0,10,-1,0,0,10,10,-1,-1,0,0,-1,-1,0,0,19,1,0,0,0,0,0,166,111,278,0
openstack/horizon,https://github.com/openstack/horizon,16697,4750,2011-10-28,274,83,83,1347,1347,1229,165,3.7,10,0,-1,0,0,10,-1,0,0,10,10,-1,-1,0,0,-1,-1,7,0,4,0,6,0,0,0,0,59,204,50,0
openstack/ironic,https://github.com/openstack/ironic,13319,4186,2013-05-14,301,13,13,486,486,347,62,3.0,10,0,-1,0,0,10,-1,0,0,10,10,-1,-1,0,0,-1,-1,0,18,19,59,3,0,0,0,0,223,605,526,1
openstack/ironic-inspector,https://github.com/openstack/ironic-inspector,2070,3638,2014-11-13,98,2,2,38,38,44,11,3.5,10,0,-1,0,0,10,-1,0,0,10,10,-1,-1,0,0,-1,-1,5,8,30,3,3,0,0,0,0,538,427,1472,13
openstack/keystone,https://github.com/openstack/keystone,15050,4170,2013-05-30,294,18,18,695,695,693,109,3.0,10,0,-1,0,0,10,-1,0,0,10,10,-1,-1,0,0,-1,-1,0,2,1,3,3,1,0,0,0,195,202,153,2
openstack/magnum,https://github.com/openstack/magnum,5591,3644,2014-11-07,236,22,22,336,336,233,51,2.8,10,0,-1,0,0,10,-1,0,0,10,10,-1,0,0,0,-1,-1,0,18,4238,197,14,0,0,0,0,16954,15754,1244,44
openstack/manila,https://github.com/openstack/manila,6474,3693,2014-09-19,313,13,13,158,158,133,29,3.0,10,0,-1,0,0,10,-1,0,0,10,10,-1,-1,0,0,-1,-1,0,9,85,46,2,2,0,0,2,1048,348,471,15
openstack/mistral,https://github.com/openstack/mistral,4425,4018,2013-10-29,162,12,12,286,286,116,43,2.8,10,0,-1,0,0,10,-1,0,0,10,10,-1,0,0,0,-1,-1,0,0,1,0,0,0,0,0,0,173,123,71,0
openstack/murano,https://github.com/openstack/murano,4155,4191,2013-05-10,148,6,6,112,112,62,23,2.6,10,0,-1,0,0,10,-1,0,0,0,0,-1,-1,0,0,-1,-1,10,0,14,1,28,1,0,0,0,270,441,490,2
openstack/neutron,https://github.com/openstack/neutron,28539,4792,2011-09-16,275,60,60,1400,1400,1456,274,2.8,10,0,-1,0,0,10,-1,0,0,10,10,-1,0,0,0,-1,-1,0,0,1,0,0,19,0,0,0,34,24,22,0
openstack/nova,https://github.com/openstack/nova,60993,5214,2010-07-22,278,105,105,3076,3076,2531,435,3.0,10,0,-1,0,0,10,-1,0,0,10,10,-1,-1,0,0,-1,-1,0,7,54,1,1,3,0,0,0,671,707,2957,7
openstack/nova-lxd,https://github.com/openstack/nova-lxd,1154,3066,2016-06-08,30,7,7,36,36,25,12,2.6,10,0,-1,0,0,10,-1,0,0,0,0,-1,-1,0,0,-1,-1,10,0,7,8,10,0,0,0,0,265,205,421,4
openstack/octavia,https://github.com/openstack/octavia,4262,3785,2014-06-19,196,9,9,172,172,148,26,3.0,10,0,-1,0,0,10,-1,0,0,10,10,-1,-1,0,0,-1,-1,0,0,0,0,0,0,0,0,0,0,0,0,0
openstack/os-vif,https://github.com/openstack/os-vif,460,3275,2015-11-11,60,1,1,22,22,24,7,3.0,10,0,-1,0,0,10,-1,0,0,10,1,-1,-1,0,0,-1,-1,9,0,0,1,0,0,0,0,1,213,162,351,4
openstack/oslo.utils,https://github.com/openstack/oslo.utils,942,3763,2014-07-11,124,2,2,80,80,49,11,3.6,10,0,-1,0,0,10,-1,0,0,10,10,-1,-1,0,0,-1,-1,6,4,25,6,3,2,0,0,1,691,750,1465,21
openstack/python-keystoneclient,https://github.com/openstack/python-keystoneclient,2519,4696,2011-12-22,189,24,24,201,201,207,31,2.0,10,0,-1,0,0,10,-1,0,0,9,1,-1,-1,0,0,-1,-1,1,0,0,0,1,0,0,0,0,1,4,4,0
openstack/storlets,https://github.com/openstack/storlets,1047,3374,2015-08-04,40,4,4,44,44,8,15,3.4,10,0,-1,0,0,10,-1,0,0,10,10,-1,0,0,0,-1,-1,6,0,2,0,0,0,0,0,0,13,4,15,0
openstack/swauth,https://github.com/openstack/swauth,232,3274,2015-11-12,20,1,1,26,26,8,7,2.6,10,0,-1,0,0,10,-1,0,0,0,0,-1,-1,0,0,-1,-1,10,0,0,0,0,0,0,0,0,4,29,48,12
openstack/swift,https://github.com/openstack/swift,10713,5214,2010-07-22,295,38,38,2626,2626,1063,318,2.8,10,0,-1,0,0,10,-1,0,0,10,10,-1,0,0,0,-1,-1,0,0,6,4,4,3,0,0,0,218,338,197,0
openstack/tripleo-ansible,https://github.com/openstack/tripleo-ansible,3051,2275,2018-08-07,105,2,2,32,32,30,9,2.6,10,0,-1,0,0,10,-1,0,0,0,0,-1,-1,0,0,-1,-1,10,0,0,0,0,0,0,0,0,5,7,3,0
openstack/tripleo-heat-templates,https://github.com/openstack/tripleo-heat-templates,15843,4091,2013-08-18,308,6,6,158,158,180,30,2.6,10,0,-1,0,0,10,-1,0,0,0,0,-1,-1,0,0,-1,-1,10,0,1,0,6,22,0,0,0,151,141,327,0
openstack/trove,https://github.com/openstack/trove,4898,4155,2013-06-14,218,13,13,301,301,228,56,2.8,10,0,-1,0,0,10,-1,0,0,10,10,-1,0,0,0,-1,-1,0,0,4,11,6,1,0,0,0,562,329,887,10
osuosl/twisted_vncauthproxy,https://github.com/osuosl/twisted_vncauthproxy,143,4441,2012-09-01,8,3,3,7,7,4,5,3.7,10,6,0,0,0,10,10,0,0,10,0,-1,0,0,0,-1,0,10,0,1,10,0,0,0,0,0,17,91,57,0
ovirt/python-ovirt-engine-sdk4,https://github.com/ovirt/python-ovirt-engine-sdk4,95,1198,2021-07-19,15,105,109,15,15,24,11,4.1,10,8,0,0,7,10,10,0,0,10,0,-1,0,0,0,0,0,10,15,6,0,0,2,0,0,0,10,7,69,2
pasteorg/pastescript,https://github.com/pasteorg/pastescript,589,2167,2018-11-23,15,11,14,13,13,9,2,3.0,10,0,5,0,2,10,10,0,0,0,0,-1,0,0,0,0,0,10,1,2,1,0,19,0,0,0,7,11,66,0
paulc/dnslib,https://github.com/paulc/dnslib,330,3830,2014-05-05,20,31,69,300,300,85,17,3.1,10,0,0,0,2,0,10,0,0,10,0,-1,0,0,0,-1,0,10,17,37,15,1,1,0,0,0,1565,268,184,7
paxswill/evesrp,https://github.com/paxswill/evesrp,1384,3874,2014-03-22,5,22,117,18,18,14,8,1.5,10,0,-1,0,0,0,-1,0,0,10,0,-1,-1,0,0,-1,-1,0,0,1,0,6,0,0,0,0,34,6,3,0
pediapress/pyfribidi,https://github.com/pediapress/pyfribidi,28,4858,2011-07-12,3,6,14,12,12,10,4,2.5,10,0,0,0,0,0,-1,0,0,10,0,-1,-1,0,0,-1,-1,10,0,0,0,0,0,0,0,0,0,0,0,0
peopledoc/vault-cli,https://github.com/peopledoc/vault-cli,516,2393,2018-04-11,11,154,211,81,81,21,48,3.9,10,3,0,0,5,10,10,0,0,9,0,-1,0,0,0,-1,0,10,0,2,0,0,0,0,0,0,4,5,17,0
petl-developers/petl,https://github.com/petl-developers/petl,1331,4820,2011-08-19,48,211,671,1246,1246,193,51,5.6,10,8,10,0,0,10,10,10,0,10,0,10,0,8,0,-1,0,10,10,67,3,16,31,0,0,0,818,1427,2160,18
pgadmin-org/pgadmin4,https://github.com/pgadmin-org/pgadmin4,7354,2808,2017-02-20,132,1297,8043,2502,2502,651,52,5.3,10,3,9,0,5,10,10,10,0,9,10,10,0,0,0,-1,0,2,2,5,3,20,3,0,0,0,684,437,441,31
piccolo-orm/piccolo_admin,https://github.com/piccolo-orm/piccolo_admin,724,1953,2019-06-25,17,229,396,318,318,39,7,5.1,10,0,10,0,1,6,10,10,0,10,10,-1,0,10,0,-1,0,3,0,35478,6,3,2,0,0,0,287,14355,8663,6
pinaeos/py-xml,https://github.com/pinaeos/py-xml,5,3197,2016-01-28,1,1,2,4,4,2,3,3.0,10,0,-1,0,0,10,-1,0,0,10,0,-1,-1,0,0,-1,-1,10,0,0,0,9,1,0,0,0,7,74,32,0
planetlabs/planet-client-python,https://github.com/planetlabs/planet-client-python,2179,3429,2015-06-10,45,506,1055,274,274,92,168,5.1,10,0,10,0,9,10,10,0,0,10,10,-1,0,0,0,-1,0,10,0,4,1,1,0,0,0,0,16,72,68,0
plotly/dash,https://github.com/plotly/dash,7723,3491,2015-04-10,140,1142,2949,21395,21395,2062,423,6.0,10,8,10,0,10,10,10,10,0,10,10,-1,4,0,0,-1,0,0,1,3,0,0,1,0,0,0,23,34,76,0
poezio/slixmpp,https://github.com/poezio/slixmpp,2914,3639,2014-11-12,72,23,23,114,114,53,9,2.9,10,0,-1,0,0,10,-1,0,0,9,0,-1,-1,0,0,-1,-1,10,4,1,2,0,0,0,0,0,26,104,45,0
poljar/matrix-nio,https://github.com/poljar/matrix-nio,1824,2398,2018-04-06,88,323,522,585,585,160,16,6.0,10,4,10,0,4,10,10,10,0,9,10,10,0,0,0,-1,0,10,2,2,1,1,0,0,0,0,18,72,67,1
pubnub/javascript,https://github.com/pubnub/javascript,1651,4270,2013-02-19,36,335,414,553,553,403,91,4.3,10,8,10,0,10,10,0,10,0,9,4,-1,2,0,0,0,0,5,10,292,0,0,0,0,0,0,550,1049,416,0
puiterwijk/flask-oidc,https://github.com/puiterwijk/flask-oidc,158,3774,2014-06-30,18,62,163,156,156,218,9,3.1,10,0,0,0,2,10,-1,0,0,10,0,-1,-1,0,0,-1,-1,10,3,56,25,4,0,0,0,0,948,455,371,20
pyca/pyopenssl,https://github.com/pyca/pyopenssl,2298,3946,2014-01-09,98,830,1377,887,887,422,52,6.6,10,8,10,0,10,10,10,10,0,10,10,-1,1,0,0,-1,0,10,6,23,2,3,6,2,0,0,859,326,688,74
pyconuk/conferencescheduler-cli,https://github.com/pyconuk/conferencescheduler-cli,128,2637,2017-08-10,2,10,21,0,0,1,19,3.1,10,0,0,0,2,10,-1,0,0,10,0,-1,-1,0,0,-1,-1,10,71,3,0,0,0,0,0,0,133,58,26,3
pycrypto/pycrypto,https://github.com/pycrypto/pycrypto,957,5083,2010-11-30,23,145,325,2452,2452,636,119,3.7,10,0,-1,0,0,10,-1,0,10,9,0,-1,-1,0,0,-1,-1,10,0,0,1,0,5,0,0,0,61,21,103,0
pygments/pygments,https://github.com/pygments/pygments,6911,1886,2019-08-31,388,933,2750,1815,1815,670,37,5.9,10,0,6,0,4,10,10,0,10,10,10,-1,0,0,0,-1,10,10,0,0,0,0,0,0,0,0,1,2,1,0
pygresql/pygresql,https://github.com/pygresql/pygresql,1155,3188,2016-02-06,8,6,88,39,39,18,3,3.1,10,0,-1,0,0,10,10,0,0,9,0,-1,0,0,0,0,0,10,0,0,0,0,0,0,0,0,0,0,0,0
pypa/wheel,https://github.com/pypa/wheel,957,2653,2017-07-25,77,240,638,505,505,150,33,5.4,10,0,10,0,3,10,10,0,10,10,8,10,0,3,0,-1,0,10,0,5,0,0,3,0,0,0,4,10,27,0
pypiserver/pypiserver,https://github.com/pypiserver/pypiserver,806,4842,2011-07-29,78,324,596,1798,1798,298,36,5.6,10,8,8,0,2,10,10,10,0,9,10,10,0,0,0,0,0,10,0,0,0,0,0,0,0,0,2,4,3,0
pyradius/pyrad,https://github.com/pyradius/pyrad,366,4940,2011-04-21,34,85,202,295,295,186,17,3.9,10,0,1,0,3,10,10,0,0,10,0,-1,0,7,0,-1,0,10,9,85,46,2,2,0,0,2,1048,348,471,15
pytest-dev/py,https://github.com/pytest-dev/py,2601,2964,2016-09-17,51,135,296,68,68,105,17,4.3,10,0,0,0,6,10,10,0,10,10,0,-1,0,0,0,-1,0,10,0,27,1,3,0,0,0,0,43,177,59,0
python-babel/babel,https://github.com/python-babel/babel,1670,4136,2013-07-03,146,578,1130,1323,1323,442,52,5.5,10,3,10,0,7,10,10,0,10,10,10,10,0,0,0,0,0,10,3,49,1,3,0,0,0,0,815,441,446,1
python-bugzilla/python-bugzilla,https://github.com/python-bugzilla/python-bugzilla,1290,3449,2015-05-21,53,97,226,120,120,107,14,6.4,10,6,9,0,8,10,10,10,0,10,10,10,0,0,0,-1,0,10,31,86,18,13,0,0,0,0,3983,1943,898,21
python-hyper/hpack,https://github.com/python-hyper/hpack,668,3487,2015-04-13,20,243,275,73,73,32,13,4.5,10,3,0,0,1,10,10,10,0,10,1,-1,0,0,0,-1,0,10,0,1,0,0,0,0,0,0,24,98,10,1
python-openxml/python-docx,https://github.com/python-openxml/python-docx,1074,4032,2013-10-15,11,211,1437,4586,4586,1124,145,1.9,10,0,-1,0,0,0,-1,0,0,10,0,-1,-1,0,0,-1,-1,4,1,0,0,0,0,0,0,0,4,7,6,0
python-poetry/cleo,https://github.com/python-poetry/cleo,547,3970,2013-12-16,32,325,435,1277,1277,90,24,5.5,10,8,10,0,10,10,10,10,0,10,3,-1,0,0,0,-1,0,3,0,0,0,0,0,0,0,0,2,0,0,0
python-poetry/poetry,https://github.com/python-poetry/poetry,3365,2435,2018-02-28,442,2938,8831,31577,31577,2265,190,4.3,0,8,10,0,9,10,0,10,0,10,10,10,10,0,0,0,0,0,2,287,0,19,0,0,0,0,3151,961,433,65
python-restx/flask-restx,https://github.com/python-restx/flask-restx,997,1755,2020-01-09,118,191,621,2161,2161,335,65,4.6,10,1,6,0,4,10,10,10,10,9,0,-1,0,0,0,-1,0,3,2,21,24,9,1,0,0,0,383,246,244,3
python-social-auth/social-app-django,https://github.com/python-social-auth/social-app-django,2397,2957,2016-09-24,277,302,600,2030,2030,380,33,5.1,10,3,10,0,6,10,10,10,0,10,10,-1,0,0,0,-1,0,0,0,0,0,0,0,1,0,0,2,5,5,0
pytroll/donfig,https://github.com/pytroll/donfig,248,2188,2018-11-03,12,102,110,36,36,10,7,5.6,10,0,10,0,3,10,10,10,0,10,10,10,0,0,0,-1,0,10,0,3,0,1,2,0,0,0,59,86,83,4
pyupio/dparse,https://github.com/pyupio/dparse,155,2667,2017-07-11,15,43,82,61,61,23,13,5.3,10,6,8,0,4,10,10,10,0,10,0,10,0,0,0,-1,0,10,0,6,0,0,0,0,0,0,7,1103,300,0
rasahq/rasa,https://github.com/rasahq/rasa,32610,2937,2016-10-14,303,6376,13020,18866,18866,4630,355,6.0,10,8,10,0,10,10,10,10,0,10,0,10,5,10,0,-1,0,0,16,78,15,2,5,0,0,0,575,544,518,10
rdflib/pyrdfa3,https://github.com/rdflib/pyrdfa3,313,4593,2012-04-02,8,21,42,67,67,22,23,2.5,7,0,0,0,0,10,-1,0,0,9,0,-1,-1,0,0,-1,-1,10,24,24,28,0,7,0,0,2,178,163,170,1
readthedocs/readthedocs-sphinx-search,https://github.com/readthedocs/readthedocs-sphinx-search,349,1974,2019-06-04,8,97,143,33,33,16,8,4.1,10,8,0,0,4,10,-1,10,0,10,0,-1,-1,0,0,-1,-1,0,4,4,6,0,0,0,0,0,1136,132,308,8
redis/redis-py,https://github.com/redis/redis-py,2394,5471,2009-11-06,387,1680,3407,12628,12628,2517,327,6.9,10,0,10,0,9,10,10,10,10,10,10,10,0,10,0,-1,0,8,0,0,2,0,0,0,0,0,6,21,60,0
refirmlabs/binwalk,https://github.com/refirmlabs/binwalk,1469,4001,2013-11-15,77,275,723,11058,11058,1551,361,4.3,10,0,10,0,0,10,10,0,0,10,10,-1,0,0,0,-1,0,10,0,0,0,1,0,0,0,0,31,15,42,0
refraction-ray/xalpha,https://github.com/refraction-ray/xalpha,415,2280,2018-08-02,11,20,189,2041,2041,437,51,2.8,10,0,0,0,0,10,-1,0,0,10,2,-1,-1,0,0,0,-1,10,0,3,0,0,0,0,0,0,35,30,14,0
relekang/django-nopassword,https://github.com/relekang/django-nopassword,305,4416,2012-09-26,15,48,88,179,179,41,9,2.8,10,0,0,0,1,10,-1,0,0,10,0,-1,-1,0,0,-1,-1,8,0,21,54,0,0,0,0,0,86,82,237,0
remarshal-project/remarshal,https://github.com/remarshal-project/remarshal,302,3678,2014-10-04,8,21,51,527,527,37,8,5.1,10,0,10,0,0,10,10,10,0,10,9,-1,0,0,0,-1,0,10,0,0,0,0,0,0,0,0,0,0,0,0
reviewboard/reviewboard,https://github.com/reviewboard/reviewboard,11733,5547,2009-08-22,216,47,47,1566,1566,430,99,2.8,10,0,-1,0,0,10,-1,0,0,10,10,-1,0,0,0,-1,-1,0,12,38,4,0,0,0,0,2,897,843,1983,5
rochacbruno/quokka,https://github.com/rochacbruno/quokka,117,4133,2013-07-07,8,263,688,2235,2235,447,155,2.7,9,0,0,0,2,10,-1,10,0,9,0,-1,0,0,0,-1,-1,0,7,50,2,16,2,0,0,0,575,544,518,7
ronf/asyncssh,https://github.com/ronf/asyncssh,1254,3957,2013-12-29,26,100,670,1550,1550,151,38,3.9,10,0,5,0,0,0,10,0,0,10,10,-1,0,0,0,-1,0,10,7,160,5,6,5,11,1,0,595,936,1346,3
rossant/ipycache,https://github.com/rossant/ipycache,113,4039,2013-10-08,9,35,74,139,139,35,10,3.5,10,0,0,0,3,10,10,0,0,10,0,-1,0,0,0,-1,0,10,0,1,0,3,0,0,0,0,0,1,1,0
roundup-tracker/roundup,https://github.com/roundup-tracker/roundup,7358,3343,2015-09-04,18,53,53,33,33,11,6,6.7,10,3,-1,0,0,10,10,10,0,9,10,-1,2,10,0,-1,10,10,0,7,8,10,0,0,0,0,265,205,421,4
run-llama/llama-hub,https://github.com/run-llama/llama-hub,848,636,2023-02-01,236,733,944,3442,3442,731,47,3.3,10,1,10,0,6,10,10,0,0,10,0,-1,0,0,0,-1,0,0,0,0,0,0,0,0,0,1,3,2,1,0
sa7mon/s3scanner,https://github.com/sa7mon/s3scanner,473,2689,2017-06-19,9,206,348,2555,2555,367,65,5.1,10,6,10,0,0,0,10,10,0,10,8,10,2,0,0,0,0,10,1,136,8,9,11,0,0,0,547,1607,4236,24
saghul/pycares,https://github.com/saghul/pycares,391,4496,2012-07-08,34,100,202,165,165,73,8,4.8,10,0,2,0,4,10,10,10,0,10,1,10,0,0,0,-1,0,10,6,348,37,11,1,0,0,0,2661,4322,9899,37
sarathsp06/exotel-py,https://github.com/sarathsp06/exotel-py,37,3288,2015-10-29,3,6,11,9,9,9,0,2.7,10,0,0,0,1,10,-1,0,0,9,0,-1,-1,0,0,-1,-1,8,0,1,1,8,0,0,0,0,19,15,13,0
savon-noir/python-libnmap,https://github.com/savon-noir/python-libnmap,444,4222,2013-04-08,26,73,144,490,490,182,62,3.4,10,3,0,0,2,3,10,0,0,9,0,-1,0,0,0,-1,0,10,0,83,7,8,0,0,0,0,815,278,130,1
schettino72/sqla_yaml_fixtures,https://github.com/schettino72/sqla_yaml_fixtures,76,2694,2017-06-14,3,8,22,13,13,8,4,3.6,10,0,0,0,0,10,10,0,0,9,5,-1,0,0,0,-1,0,10,2,15,9,4,0,0,0,2,505,91,45,3
scottcwang/openssh_key_parser,https://github.com/scottcwang/openssh_key_parser,391,1582,2020-06-30,4,3,6,20,20,5,2,3.0,10,0,0,0,0,0,-1,0,10,10,0,-1,0,0,0,-1,-1,10,3,38,0,0,0,0,0,0,724,227,52,4
scrapy-plugins/scrapy-splash,https://github.com/scrapy-plugins/scrapy-splash,218,4187,2013-05-13,16,63,314,3150,3150,450,124,3.5,10,0,0,0,3,10,10,0,0,10,0,-1,0,0,0,-1,0,10,0,3,0,0,4,0,0,0,78,42,24,0
secdev/scapy,https://github.com/secdev/scapy,6560,3316,2015-10-01,349,2929,4567,10717,10717,2023,232,7.3,10,8,10,0,5,10,10,0,10,10,10,-1,0,10,0,-1,10,10,1,136,8,9,11,0,0,0,547,1607,4236,24
sehmaschine/django-grappelli,https://github.com/sehmaschine/django-grappelli,1953,5331,2010-03-26,66,336,1058,3759,3759,657,88,2.7,10,0,2,0,1,10,10,0,0,9,2,-1,0,0,0,-1,0,0,1,8,4,0,0,0,0,1,772,38,57,9
shuup/shuup,https://github.com/shuup/shuup,7104,3436,2015-06-03,53,2195,2634,2248,2248,1100,117,3.5,10,1,0,0,3,10,10,0,0,9,0,-1,0,0,0,-1,0,10,1,43,4,1,0,0,0,1,112,77,44,0
sickrage/sickrage,https://github.com/sickrage/sickrage,12708,3886,2014-03-10,186,2670,2670,1536,1536,660,165,3.0,9,3,-1,0,0,10,-1,10,0,10,0,-1,0,0,0,-1,-1,0,0,0,0,0,36,0,0,0,11,4,91,0
simonw/datasette,https://github.com/simonw/datasette,2659,2564,2017-10-23,78,496,2313,9511,9511,683,101,5.4,10,0,10,0,1,10,10,10,0,10,10,10,0,0,0,-1,0,9,2,3,3,3,0,0,0,0,80,71,267,1
simonw/datasette-indieauth,https://github.com/simonw/datasette-indieauth,54,1445,2020-11-15,1,1,25,8,8,0,4,3.7,10,0,-1,0,0,3,10,0,0,0,0,-1,0,0,0,-1,10,10,0,2,0,0,0,0,0,0,43,8,10,1
simplejson/simplejson,https://github.com/simplejson/simplejson,658,5014,2011-02-06,36,125,324,1650,1650,334,65,4.8,10,3,3,0,3,10,10,0,10,9,3,10,0,0,0,-1,0,10,0,3,0,0,0,0,0,0,21,4,17,0
smihica/pyminizip,https://github.com/smihica/pyminizip,77,4249,2013-03-12,9,20,54,108,108,38,9,3.5,10,0,0,0,6,10,-1,0,0,9,0,-1,-1,0,0,-1,-1,10,3,26,4,7,0,0,0,0,122,171,180,3
snapcore/snapcraft,https://github.com/snapcore/snapcraft,6074,3288,2015-10-29,191,4572,5126,1180,1180,445,41,6.0,3,8,10,0,10,10,10,10,0,10,10,-1,0,0,0,-1,0,10,4,3,5,10,0,0,0,0,65,202,26,0
sony/nnabla,https://github.com/sony/nnabla,3553,2683,2017-06-26,60,1182,1264,2724,2724,334,154,3.3,10,0,0,0,9,10,-1,0,0,10,7,-1,0,0,0,-1,-1,0,0,0,0,0,0,0,0,0,6,37,5,1
sosreport/sos,https://github.com/sosreport/sos,4857,4859,2011-07-11,300,2705,3807,510,510,542,44,5.8,10,3,10,0,9,10,10,0,0,10,10,-1,0,10,0,-1,0,10,0,2,0,0,0,0,0,0,26,74,7,0
sqlalchemy/mako,https://github.com/sqlalchemy/mako,961,2164,2018-11-26,54,49,406,364,364,62,10,4.3,10,0,-1,0,0,10,10,0,10,10,5,-1,0,0,0,-1,0,10,1,4,0,1,0,0,0,0,34,90,3,0
sqlfluff/sqlfluff,https://github.com/sqlfluff/sqlfluff,5924,2189,2018-11-01,361,3397,6410,7861,7861,721,34,5.8,10,8,10,0,8,10,10,0,0,10,10,10,0,0,0,-1,0,9,0,0,0,0,0,0,0,0,4,0,0,0
starkbank/ecdsa-python,https://github.com/starkbank/ecdsa-python,90,2252,2018-08-30,7,27,42,136,136,42,14,4.5,10,6,0,0,4,6,-1,0,10,10,0,-1,-1,0,0,-1,-1,10,12,38,4,0,0,0,0,2,897,843,1983,5
stchris/untangle,https://github.com/stchris/untangle,225,4895,2011-06-05,13,79,136,611,611,83,28,4.2,10,3,0,0,2,6,10,10,0,10,0,-1,0,7,0,0,0,7,0,7,3,0,0,0,0,0,52,64,159,0
stephenmcd/mezzanine,https://github.com/stephenmcd/mezzanine,5304,5267,2010-05-29,261,987,2042,4759,4759,1647,247,3.3,10,0,0,0,1,10,10,0,0,10,0,-1,0,0,0,-1,0,10,0,4,0,0,7,0,0,0,49,51,42,1
stranger6667/pyanyapi,https://github.com/stranger6667/pyanyapi,132,3329,2015-09-18,2,11,42,13,13,6,5,2.6,10,0,0,0,0,3,-1,0,0,10,0,-1,-1,0,0,-1,-1,10,11,248,5,4,6,0,0,0,1671,2047,751,8
styria-digital/django-rest-framework-jwt,https://github.com/styria-digital/django-rest-framework-jwt,736,2178,2018-11-12,75,72,118,192,192,60,7,3.4,10,0,0,0,5,10,-1,0,0,10,0,-1,-1,0,0,-1,-1,10,0,0,0,0,0,0,0,0,14,0,1,0
supervisor/supervisor,https://github.com/supervisor/supervisor,2445,5075,2010-12-08,146,487,1655,8494,8494,1247,232,3.8,10,3,2,0,3,10,10,0,0,9,1,-1,0,0,0,-1,0,10,1,3,0,0,0,0,0,0,14,16,23,0
sviehb/jefferson,https://github.com/sviehb/jefferson,65,3521,2015-03-10,7,25,52,320,320,118,23,2.6,10,0,0,0,0,3,-1,0,0,10,0,-1,-1,0,0,-1,-1,10,2,3,3,3,0,0,0,0,80,71,267,1
tabatkins/bikeshed,https://github.com/tabatkins/bikeshed,5146,4264,2013-02-26,106,1381,2941,1108,1108,200,23,5.0,10,0,7,0,0,10,10,10,0,10,10,-1,0,0,0,-1,0,9,0,3,0,0,3,0,0,0,3,13,21,0
tadashi-aikawa/owlmixin,https://github.com/tadashi-aikawa/owlmixin,580,2908,2016-11-13,2,58,71,4,4,2,3,3.8,10,0,0,0,0,0,10,10,0,10,0,-1,0,0,0,-1,0,10,0,0,0,1,0,0,0,0,1,4,4,0
takluyver/pyxdg,https://github.com/takluyver/pyxdg,522,4522,2012-06-12,11,20,20,85,85,27,9,3.8,10,0,0,0,1,10,10,0,10,9,0,-1,0,0,0,-1,0,10,0,0,0,0,0,0,0,0,8,41,1,5
talelin/lin-cms-flask,https://github.com/talelin/lin-cms-flask,346,2114,2019-01-15,7,114,234,830,830,217,29,3.8,10,3,0,0,0,6,-1,10,0,9,0,-1,0,0,0,-1,-1,10,0,34,4,5,9,0,0,0,940,579,523,23
tanganelli/coapthon,https://github.com/tanganelli/coapthon,719,3897,2014-02-27,22,61,174,225,225,131,22,2.9,10,0,0,0,6,3,-1,0,0,10,0,-1,-1,0,0,-1,-1,7,0,1,1,2,0,0,0,0,39,42,39,1
tanganelli/coapthon3,https://github.com/tanganelli/coapthon3,73,2486,2018-01-08,11,23,51,59,59,50,8,3.6,10,0,0,0,9,3,-1,0,0,10,0,-1,-1,0,0,-1,-1,10,0,1,0,0,0,0,0,0,24,4,20,0
tanghaibao/jcvi,https://github.com/tanghaibao/jcvi,3038,5081,2010-12-01,18,219,701,754,754,186,36,4.6,10,3,10,0,0,10,10,0,0,10,10,-1,0,0,0,-1,0,10,2,153,15,10,0,0,0,0,2538,1137,471,66
tankywoo/simiki,https://github.com/tankywoo/simiki,547,4036,2013-10-12,10,27,131,1149,1149,156,52,1.7,10,0,0,0,0,10,-1,0,0,10,0,-1,0,0,0,-1,-1,0,0,5,0,0,1,0,0,0,50,24,119,0
taxiiproject/libtaxii,https://github.com/taxiiproject/libtaxii,741,4206,2013-04-24,23,73,253,70,70,43,30,3.2,10,0,0,0,3,10,-1,0,0,10,0,-1,-1,0,0,-1,-1,10,0,6,0,2,0,0,0,0,37,18,81,1
terencehonles/mailman,https://github.com/terencehonles/mailman,7503,4558,2012-05-08,6,1,1,16,16,3,4,2.9,10,0,-1,0,0,10,-1,0,0,10,0,-1,-1,0,0,-1,-1,9,1,6,1,0,3,0,0,0,157,192,1124,3
tethik/flask-session-captcha,https://github.com/tethik/flask-session-captcha,153,2676,2017-07-02,7,47,55,24,24,8,4,4.8,10,3,10,0,1,10,10,10,0,10,4,10,1,0,0,-1,0,4,17,4,0,11,1,0,0,0,71,52,77,0
thanethomson/mlalchemy,https://github.com/thanethomson/mlalchemy,24,2833,2017-01-26,1,1,2,42,42,5,4,2.3,10,0,-1,0,0,3,-1,0,0,10,0,-1,-1,0,0,-1,-1,6,3,0,0,0,2,0,0,0,17,49,15,0
thufschmitt/pretix-nix,https://github.com/thufschmitt/pretix-nix,14,1378,2021-01-20,1,1,2,3,3,3,3,1.3,10,0,-1,0,0,6,-1,0,0,0,0,-1,-1,0,0,-1,-1,0,0,79,0,0,0,0,0,0,23,166,15,0
toastdriven/django-tastypie,https://github.com/toastdriven/django-tastypie,1279,1238,2021-06-09,166,1,1,6,6,4,3,2.9,10,0,-1,0,0,10,-1,0,0,9,0,-1,-1,0,0,-1,-1,10,0,0,0,0,0,0,0,0,4,5,11,0
tomerfiliba-org/rpyc,https://github.com/tomerfiliba-org/rpyc,1013,5714,2009-03-08,62,137,563,1570,1570,243,60,3.9,10,0,10,0,1,10,10,0,0,9,6,-1,0,0,0,2,0,10,0,15,1,3,0,4,0,0,18,46,31,1
tooxie/shiva-server,https://github.com/tooxie/shiva-server,605,4595,2012-03-31,10,103,191,556,556,51,25,2.9,10,0,0,0,0,10,-1,0,0,10,0,-1,-1,0,0,-1,-1,10,16,149,3,7,3,0,0,2,5861,1806,20110,132
toumorokoshi/transmute-core,https://github.com/toumorokoshi/transmute-core,228,3256,2015-11-30,8,22,59,38,38,19,6,3.7,10,0,2,0,1,10,10,0,0,10,0,10,0,0,0,-1,0,10,0,2,1,0,0,0,0,0,3,1,4,0
transifex/transifex-client,https://github.com/transifex/transifex-client,723,4593,2012-04-02,47,173,346,136,136,76,43,4.2,10,8,0,0,9,10,-1,0,0,10,0,-1,-1,0,0,0,-1,10,0,0,0,0,0,0,0,0,0,8,2,0
trentm/python-markdown2,https://github.com/trentm/python-markdown2,1231,5021,2011-01-31,66,273,608,2657,2657,434,60,4.8,10,0,10,0,6,10,10,0,0,9,10,-1,0,0,0,-1,0,10,0,4,1,0,0,0,0,0,17,13,1,3
tryton/trytond,https://github.com/tryton/trytond,6393,4204,2013-04-26,49,9,9,169,169,68,28,3.0,10,0,-1,0,0,10,-1,0,0,10,0,-1,-1,0,0,-1,-1,10,0,0,0,0,0,0,0,1,7,8,11,0
twisted/txaws,https://github.com/twisted/txaws,1194,4664,2012-01-22,20,44,94,32,32,18,19,3.4,10,0,0,0,5,10,-1,0,0,10,0,-1,-1,0,0,-1,-1,10,0,6,0,0,153,0,0,0,58,20,133,0
uisautomation/django-ucamlookup,https://github.com/uisautomation/django-ucamlookup,95,3728,2014-08-15,3,3,5,1,1,1,3,2.0,10,0,0,0,2,10,-1,0,0,9,0,-1,-1,0,0,-1,-1,0,0,10,0,4,0,0,0,0,95,108,140,0
ultrajson/ultrajson,https://github.com/ultrajson/ultrajson,941,4993,2011-02-27,70,297,643,4326,4326,365,88,6.9,10,3,10,0,10,10,10,10,10,9,10,10,0,0,0,-1,0,10,9,54,2,0,0,0,0,0,43,24,53,0
umago/virtualbmc,https://github.com/umago/virtualbmc,20,3183,2016-02-11,1,1,5,12,12,6,6,2.7,10,0,-1,0,0,3,-1,0,0,10,0,-1,-1,0,0,-1,-1,10,0,1,0,3,4,0,0,0,19,73,91,0
unbit/uwsgi,https://github.com/unbit/uwsgi,6897,4769,2011-10-09,205,928,2690,3461,3461,691,114,4.8,10,0,10,0,6,10,10,0,0,9,10,-1,0,0,0,-1,0,10,29,45,17,0,1,0,0,0,666,812,50,3
uncmath25/easy-parse,https://github.com/uncmath25/easy-parse,5,2143,2018-12-17,1,2,3,0,0,0,1,2.1,10,0,0,0,0,0,-1,0,0,0,0,-1,-1,0,0,-1,-1,10,58,258,23,16,1,3,1,1,7,74,32,0
vanderschaarlab/synthcity,https://github.com/vanderschaarlab/synthcity,165,956,2022-03-18,13,136,276,447,447,60,13,4.9,10,6,10,0,1,6,10,10,0,10,7,-1,0,7,0,-1,0,0,0,0,0,0,0,0,0,0,70,31,101,1
vsajip/python-gnupg,https://github.com/vsajip/python-gnupg,463,1054,2021-12-10,13,18,243,105,105,29,6,4.4,10,0,-1,0,0,10,10,0,0,9,9,-1,0,0,0,8,0,10,5,17,0,14,0,0,0,4,336,334,573,12
wallvon/mofh,https://github.com/wallvon/mofh,24,1376,2021-01-22,3,41,46,7,7,3,4,3.1,10,0,0,0,0,6,10,10,0,10,0,-1,0,0,0,-1,0,0,0,0,0,0,0,0,0,0,1,1,4,0
warp-tech/russh,https://github.com/warp-tech/russh,516,995,2022-02-07,53,213,352,943,943,104,7,5.4,10,0,4,0,5,10,10,10,0,9,10,-1,0,0,0,-1,0,10,0,21,0,1,0,0,0,0,513,1654,367,4
wasm3/wasm3,https://github.com/wasm3/wasm3,1704,1855,2019-10-01,64,166,503,7288,7288,459,122,3.5,0,0,2,0,3,10,10,0,10,10,10,-1,0,0,0,0,0,7,0,0,0,0,0,0,0,0,2,0,9,0
webmproject/libwebp,https://github.com/webmproject/libwebp,4891,3717,2014-08-26,49,10,10,2012,2012,501,85,3.9,8,0,-1,0,0,10,-1,0,0,10,10,-1,-1,0,0,-1,-1,10,0,0,0,0,0,0,0,0,0,1,0,0
webrecorder/pywb,https://github.com/webrecorder/pywb,2313,3978,2013-12-09,57,433,913,1377,1377,216,61,4.2,10,1,3,0,6,10,10,10,0,10,0,10,0,0,0,-1,0,0,17,106,24,1,0,0,0,0,796,716,108,31
wolfssl/wolfcrypt-py,https://github.com/wolfssl/wolfcrypt-py,233,3105,2016-04-29,13,59,65,31,31,19,20,6.0,10,6,2,0,10,10,10,0,0,0,8,-1,0,0,0,8,10,10,0,1,1,1,0,0,0,0,44,410,176,1
wordops/wordops,https://github.com/wordops/wordops,2136,2451,2018-02-12,31,282,697,1344,1344,210,55,5.5,10,0,10,0,0,10,10,10,0,10,10,-1,0,10,0,-1,0,8,0,0,0,0,0,0,0,0,33,13,65,0
wsh032/fastapi-proxy-lib,https://github.com/wsh032/fastapi-proxy-lib,50,356,2023-11-08,3,33,38,26,26,4,1,4.6,10,3,10,0,0,0,10,10,0,10,0,10,0,8,0,0,0,10,0,2,0,0,0,0,0,0,3,60,5,0
xi/django-mfa3,https://github.com/xi/django-mfa3,158,1227,2021-06-20,6,13,23,22,22,8,3,4.5,10,3,-1,0,0,0,10,10,0,10,1,10,0,0,0,-1,0,10,0,0,0,0,0,0,0,0,3,6,10,0
xsuchy/modulemd,https://github.com/xsuchy/modulemd,108,2976,2016-09-05,8,1,1,0,0,0,3,2.8,10,0,-1,0,0,6,-1,0,0,10,0,-1,-1,0,0,-1,-1,10,4,0,0,0,0,0,0,0,42,141,56,1
xsuchy/templated-dictionary,https://github.com/xsuchy/templated-dictionary,55,1441,2020-11-18,3,3,6,5,5,2,5,3.5,10,0,6,0,2,10,10,0,0,10,3,-1,0,0,0,0,0,10,0,0,0,0,0,0,0,0,9,4,11,0
yelp/osxcollector,https://github.com/yelp/osxcollector,342,3739,2014-08-04,14,101,176,1875,1875,242,125,3.1,10,0,0,0,4,6,-1,0,0,9,0,-1,-1,0,0,-1,-1,10,1,13,63,0,3,0,0,0,116,106,98,2
yt-dlp/yt-dlp,https://github.com/yt-dlp/yt-dlp,22812,1464,2020-10-26,384,3183,11146,86328,86328,6726,507,6.7,10,3,10,0,7,10,10,0,0,10,10,10,0,10,0,8,9,10,0,0,0,0,0,0,0,0,7,1,3,0
zauberzeug/nicegui,https://github.com/zauberzeug/nicegui,5713,1271,2021-05-07,125,852,1881,9844,9844,587,72,5.7,10,0,8,0,5,10,10,10,0,10,10,10,0,0,0,-1,0,10,16,1,0,0,0,0,0,0,7,18,10,0
zwczou/weixin-python,https://github.com/zwczou/weixin-python,135,2981,2016-08-31,17,25,92,1617,1617,399,64,2.9,10,0,0,0,6,3,-1,0,0,0,0,-1,-1,0,0,-1,-1,10,0,0,0,0,0,0,0,0,4,4,1,0
